Nama Toko,Nama,Harga,Harga Diskon,Diskon,Terjual,Kota,Website
k Gold Bonus Helm RMB RG-02,1.860.000,1.855.000,1%,15,Jember,https://www.bukalapak.com/p/sepeda/fullbike/sepeda-lipat/3uq7u0u-jual-sepeda-lipat-seli-police-milan-8-speed-black-gold-bonus-helm-rmb-rg-02
Papa Bersih 28,FNHON FREEDOM 16 INCH 3 SPEED SEPEDA LIPAT RINGAN FOLDING BIKE,6.750.000,6.750.000,0,1,Jakarta Selatan,https://www.bukalapak.com/p/sepeda/fullbike/sepeda-lipat/446ukgp-jual-fnhon-freedom-16-inch-3-speed-sepeda-lipat-ringan-folding-bike
newbiebike,Sepeda Lipat Element Folding Bike Ecosmo z8 Coca-Cola Edition 20+ 22 inch 451,2.550.000,2.550.000,0,0,Bantul,https://www.bukalapak.com/p/sepeda/fullbike/sepeda-lipat/4hchj5y-jual-sepeda-lipat-element-folding-bike-ecosmo-z8-coca-cola-edition-20-22-inch-451
dbargez_store,SEPEDA LIPAT FOLDING BIKE ELEMENT ECOSMO Z8 BLACK PANTHER MARVEL,8.750.000,7.000.000,20%,1,Depok,https://www.bukalapak.com/p/sepeda/fullbike/sepeda-lipat/3rd50sa-jual-sepeda-lipat-folding-bike-element-ecosmo-z8-black-panther-marvel
dbargez_store,Sepeda lipat fnhon zephyr 9 speed 16 inch original,16.700.000,15.865.000,5%,0,Depok,https://www.bukalapak.com/p/sepeda/fullbike/sepeda-lipat/4gf676j-jual-sepeda-lipat-fnhon-zephyr-9-speed-16-inch-original
dbargez_store,Element Sepeda Lipat FoldX X9 Andalas 9 Speed Grey  FREE Helm Random,11.400.000,10.830.000,5%,0,Depok,https://www.bukalapak.com/p/sepeda/fullbike/sepeda-lipat/3vwasr5-jual-element-sepeda-lipat-foldx-x9-andalas-9-speed-grey-free-helm-random
1Bike,Sepeda Lipat 20 Folding bike Pacific SPLENDID ALLOY,2.250.000,2.245.000,1%,1,Kab. Bekasi,https://www.bukalapak.com/p/sepeda/fullbike/sepeda-lipat/3y65aqk-jual-sepeda-lipat-20-folding-bike-pacific-splendid-alloy
Cibinong Sparts,Sepeda 16 Lipat Odessy Ritz 7Speeda Cakram New 2021,1.400.000,1.400.000,0,27,Kab. Bogor,https://www.bukalapak.com/p/sepeda/fullbike/sepeda-lipat/4g7cdkj-jual-sepeda-16-lipat-odessy-ritz-7speeda-cakram-new-2021
RJ BIKE KARAWANG,Sepeda Lipat Odessy Ritz 16 20 inch Disc Brike,1.350.000,1.350.000,0,4,Karawang,https://www.bukalapak.com/p/sepeda/fullbike/sepeda-lipat/4h2h22d-jual-sepeda-lipat-odessy-ritz-16-20-inch-disc-brike
Sepedaholic,Sepeda Lipat 20 Inch ODESSY 20 52 RITZ SHIMANO ORIGINAL 7 SPEED,1.500.000,1.500.000,0,157,Kab. Tangerang,https://www.bukalapak.com/p/sepeda/fullbike/sepeda-lipat/4h4x9eg-jual-sepeda-lipat-20-inch-odessy-20-52-ritz-shimano-original-7-speed
sumber sukses sepeda,sepeda lipat 16 merk family maximo tipe Rion seri tx7 frame besi speed 7a2 ltwoo,1.850.000,1.845.000,1%,1,Jakarta Selatan,https://www.bukalapak.com/p/sepeda/fullbike/sepeda-lipat/4g409iy-jual-sepeda-lipat-16-merk-family-maximo-tipe-rion-seri-tx7-frame-besi-speed-7a2-ltwoo
BikeTM,Sepeda Lipat Element Troy X 10 Speed Titan Black Chromolly,3.945.000,3.940.000,1%,7,Jakarta Barat,https://www.bukalapak.com/p/sepeda/fullbike/sepeda-lipat/4egl9nm-jual-sepeda-lipat-element-troy-x-10-speed-titan-black-chromolly
Gelemman Store,Sepeda lipat senator 16 inch,1.000.000,995.000,1%,3,Jakarta Timur,https://www.bukalapak.com/p/sepeda/fullbike/sepeda-lipat/4go9yrm-jual-sepeda-lipat-senator-16-inch
Toko sepeda maju jaya,Sepeda Lipat 16 inch Pacific Noris 2.1 Pasific,2.900.000,2.585.000,11%,1,Jambi,https://www.bukalapak.com/p/sepeda/fullbike/sepeda-lipat/4ggvgxa-jual-sepeda-lipat-16-inch-pacific-noris-2-1-pasific
1Bike,MURAH Sepeda Lipat 16 dan 20  Atlantis Crossby Cakram 7 Speed Shimano,1.350.000,1.350.000,0,5,Kab. Bekasi,https://www.bukalapak.com/p/sepeda/fullbike/sepeda-lipat/4ft0vlg-jual-murah-sepeda-lipat-16-dan-20-atlantis-crossby-cakram-7-speed-shimano
Lautan Jaya Bike,SEPEDA LIPAT 16 ODESSY PHYTON 7SPEED,1.325.000,1.320.000,1%,7,Kab. Bogor,https://www.bukalapak.com/p/sepeda/fullbike/sepeda-lipat/4g6q4pv-jual-sepeda-lipat-16-odessy-phyton-7speed
dbargez_store,Sepeda Lipat Element Ecosmo 10 Speed LIMITED EDITION SUMPAH PEMUDA,9.850.000,9.357.500,5%,0,Depok,https://www.bukalapak.com/p/sepeda/fullbike/sepeda-lipat/3vwc1ru-jual-sepeda-lipat-element-ecosmo-10-speed-limited-edition-sumpah-pemuda
dbargez_store,Element Sepeda Lipat 20 Inchi FoldX Lite Damn  I Love Indonesia Limited Edition New Design,15.350.000,14.582.500,5%,0,Depok,https://www.bukalapak.com/p/sepeda/fullbike/sepeda-lipat/3vw8nfo-jual-element-sepeda-lipat-20-inchi-foldx-lite-damn-i-love-indonesia-limited-edition-new-design
dbargez_store,Sepeda Lipat Ecosmo Z9 Save The Earth Special Edition Spec Mantap Bonus Helm RMB Ready Stock,13.100.000,12.445.000,5%,0,Depok,https://www.bukalapak.com/p/sepeda/fullbike/sepeda-lipat/3vwg5bn-jual-sepeda-lipat-ecosmo-z9-save-the-earth-special-edition-spec-mantap-bonus-helm-rmb-ready-stock
hobby_pesepeda,Fnhon Gust BARU Ubrake Sepeda Lipat Gust 349 16inci Plus Not Dahon Element pikes 3sixty Brompton,9.500.000,9.500.000,0,0,Jakarta Barat,https://www.bukalapak.com/p/sepeda/fullbike/sepeda-lipat/4hatgnj-jual-fnhon-gust-baru-ubrake-sepeda-lipat-gust-349-16inci-plus-not-dahon-element-pikes-3sixty-brompton
Tokokulaku Bike,Sepeda Lipat Pacific Bike Noris 2.0 Alloy 20 inch Seli Grey Yellow Folding United Splendid Dahon Ecosmo Troy Foldx Element Exotic Gojek Gosend,4.800.000,1.970.000,59%,31,Jakarta Barat,https://www.bukalapak.com/p/sepeda/fullbike/sepeda-lipat/3k9cjq4-jual-sepeda-lipat-pacific-bike-noris-2-0-alloy-20-inch-seli-grey-yellow-folding-united-splendid-dahon-ecosmo-troy-foldx-element-exotic-gojek-gosend
Cibinong Sparts,Sepeda 20 Lipat Element Police Milan New,1.900.000,1.895.000,1%,13,Kab. Bogor,https://www.bukalapak.com/p/sepeda/fullbike/sepeda-lipat/4e3vz07-jual-sepeda-20-lipat-element-police-milan-new
Kereta Retha,Sepeda Lipat Folding bike RUBICK GAS Shensa 16,2.727.000,2.727.000,0,1,Tangerang,https://www.bukalapak.com/p/sepeda/fullbike/sepeda-lipat/4gpdmb7-jual-sepeda-lipat-folding-bike-rubick-gas-shensa-16
imans renkaz,Sepeda Lipat Camp Hazy 9s,3.895.000,3.890.000,1%,9,Jakarta Barat,https://www.bukalapak.com/p/sepeda/fullbike/sepeda-lipat/2avtx3c-jual-sepeda-lipat-camp-hazy-9s
Toko sepeda maju jaya,Sepeda Lipat Pacific Flux 7.0 mirip troy fnhon gust,4.400.000,2.680.000,39%,33,Jambi,https://www.bukalapak.com/p/sepeda/fullbike/sepeda-lipat/3s01brg-jual-sepeda-lipat-pacific-flux-7-0-mirip-troy-fnhon-gust
Harapan Jaya Jember,Sepeda Lipat 20 Inter Bike 7 speed,1.100.000,1.095.000,1%,0,Jember,https://www.bukalapak.com/p/sepeda/fullbike/sepeda-lipat/4h34rq4-jual-sepeda-lipat-20-inter-bike-7-speed
CUNG BIKES ,Sepeda Lipat 20 inch Dahon ION Madison Frame Alloy 7 Speed Shimano,2.929.500,2.929.500,0,0,Kab. Tangerang,https://www.bukalapak.com/p/sepeda/fullbike/sepeda-lipat/4hbjgmd-jual-sepeda-lipat-20-inch-dahon-ion-madison-frame-alloy-7-speed-shimano
Tunggal Jaya,"Sepeda 20"" Lipat Trex",1.600.000,1.595.000,1%,9,Malang,https://www.bukalapak.com/p/sepeda/fullbike/sepeda-lipat/1err27-jual-sepeda-20-lipat-trex
M .Khoirul Anas,SEPEDA LIPAT 20 AVALANCHE ALLOY TREX,1.800.000,1.800.000,0,0,Sidoarjo,https://www.bukalapak.com/p/sepeda/fullbike/sepeda-lipat/4g8wyjm-jual-sepeda-lipat-20-avalanche-alloy-trex
Toko sepeda maju jaya,Sepeda lipat Pacific Noris Indonesia 20 Inch,5.000.000,2.575.000,48%,2,Jambi,https://www.bukalapak.com/p/sepeda/fullbike/sepeda-lipat/3j9afno-jual-sepeda-lipat-pacific-noris-indonesia-20-inch
Mateo Express,Sepeda Lipat Everbest EB902 20 Inci x 1.50 Inci Hi-Ten Steel 1x7 Speed V-Brake Remaja-Dewasa Folding Bike,1.400.000,1.400.000,0,1,Jakarta Timur,https://www.bukalapak.com/p/sepeda/fullbike/sepeda-lipat/4geoy9v-jual-sepeda-lipat-everbest-eb902-20-inci-x-1-50-inci-hi-ten-steel-1x7-speed-v-brake-remaja-dewasa-folding-bike
SUMBER JAYA BIKE OFFICIAL,sepeda lipat 16 oddesy phyton,1.370.000,1.370.000,0,0,Depok,https://www.bukalapak.com/p/sepeda/fullbike/sepeda-lipat/4gdd09y-jual-sepeda-lipat-16-oddesy-phyton
Tokokulaku Bike,Pacific Noris 2980 RX 7.0 Sepeda Lipat 20 inch Grey NEW bukan Brompton Element 6.8 2.1 2.2 2.3 Pro Dahon Ecosmo Polygon Splendid,6.000.000,2.745.000,54%,24,Jakarta Barat,https://www.bukalapak.com/p/sepeda/fullbike/sepeda-lipat/3rum9xh-jual-pacific-noris-2980-rx-7-0-sepeda-lipat-20-inch-grey-new-bukan-brompton-element-6-8-2-1-2-2-2-3-pro-dahon-ecosmo-polygon-splendid
Kereta Retha,Sepeda Lipat Anak Perempuan 16 inch Merk Kouan,950.000,945.000,1%,6,Tangerang,https://www.bukalapak.com/p/sepeda/fullbike/sepeda-lipat/4g4uu44-jual-sepeda-lipat-anak-perempuan-16-inch-merk-kouan
Mateo Express,"Sepeda Lipat Odessy OD-LP52 Ritz 16"" x 1.75"" Hi-Ten Steel 1x7Sp Mech Disc Brake Remaja Folding Bike",1.400.000,1.400.000,0,0,Jakarta Timur,https://www.bukalapak.com/p/sepeda/fullbike/sepeda-lipat/4h738wj-jual-sepeda-lipat-odessy-od-lp52-ritz-16-x-1-75-hi-ten-steel-1x7sp-mech-disc-brake-remaja-folding-bike
dbargez_store,Sepeda Lipat Pikes Gen 2 Special Edition Pevita Pearce,16.200.000,15.390.000,5%,0,Depok,https://www.bukalapak.com/p/sepeda/fullbike/sepeda-lipat/3vwf60j-jual-sepeda-lipat-pikes-gen-2-special-edition-pevita-pearce
Tokokulaku Bike,Sepeda Lipat Exotic Explore 16 Inch By Pacific Bike Bukan Noris 20 inch Seli Grey Folding United 2.1 2.3 2980 Splendid  Ecosmo Element Gojek Gosend,2.650.000,1.845.000,30%,6,Jakarta Barat,https://www.bukalapak.com/p/sepeda/fullbike/sepeda-lipat/4g7evkm-jual-sepeda-lipat-exotic-explore-16-inch-by-pacific-bike-bukan-noris-20-inch-seli-grey-folding-united-2-1-2-3-2980-splendid-ecosmo-element-gojek-gosend
Sepedaholic,Sepeda Lipat 16 Inch ODESSY ROXAS 8.0 Chromoly 8 Speed,1.899.000,1.899.000,0,270,Kab. Tangerang,https://www.bukalapak.com/p/sepeda/fullbike/sepeda-lipat/4h4x9sa-jual-sepeda-lipat-16-inch-odessy-roxas-8-0-chromoly-8-speed
M .Khoirul Anas,SEPEDA LIPAT 20 INCH TREX SHIMANO DISCBRAKE,1.500.000,1.500.000,0,0,Sidoarjo,https://www.bukalapak.com/p/sepeda/fullbike/sepeda-lipat/4gyow07-jual-sepeda-lipat-20-inch-trex-shimano-discbrake
Sepedaholic,Sepeda Lipat 16 20 Inch ODESSY RITZ 2052 7 Speed Rem Cakram Boncengan,1.550.000,1.550.000,0,12,Kab. Tangerang,https://www.bukalapak.com/p/sepeda/fullbike/sepeda-lipat/4h4wvt7-jual-sepeda-lipat-16-20-inch-odessy-ritz-2052-7-speed-rem-cakram-boncengan
imans renkaz,Sepeda Lipat Element Clip,3.335.000,3.330.000,1%,7,Jakarta Barat,https://www.bukalapak.com/p/sepeda/fullbike/sepeda-lipat/43xck3n-jual-sepeda-lipat-element-clip
TOKO SEPEDA PALAPA,Sepeda Lipat 16 Pacific Flux 7.0 Seli Folding Bike 7,2.699.000,2.699.000,0,1,Rembang,https://www.bukalapak.com/p/sepeda/fullbike/sepeda-lipat/4gsbtkm-jual-sepeda-lipat-16-pacific-flux-7-0-seli-folding-bike-7
DJB DatangJualBeli,Lankeleisi Sepeda Elektrik Lipat Lite Edition 48V 8.7AH - G660,6.450.000,6.445.000,1%,0,Jakarta Barat,https://www.bukalapak.com/p/sepeda/fullbike/sepeda-lipat/3z8k8ua-jual-lankeleisi-sepeda-elektrik-lipat-lite-edition-48v-8-7ah-g660
Sepedaholic,Sepeda Lipat 20 Inch ODESSY PHYTON LP-2036 7 Speed Cakram,1.500.000,1.500.000,0,273,Kab. Tangerang,https://www.bukalapak.com/p/sepeda/fullbike/sepeda-lipat/4h4ws01-jual-sepeda-lipat-20-inch-odessy-phyton-lp-2036-7-speed-cakram
Toko sepeda maju jaya,sepeda lipat 16 inch Pacific analog 2.2 Gold chromoly 10 speed rem hidrolik hydraulic not fnhon gust element troy dahon blast,4.150.000,3.845.000,7%,48,Jambi,https://www.bukalapak.com/p/sepeda/fullbike/sepeda-lipat/46w6o7h-jual-sepeda-lipat-16-inch-pacific-analog-2-2-gold-chromoly-10-speed-rem-hidrolik-hydraulic-not-fnhon-gust-element-troy-dahon-blast
Sepedaholic,Sepeda Lipat ELEMENT ECOSMO Z8 451 COCA COLA EDITION 20 22 Inch,3.750.000,2.437.500,35%,0,Kab. Tangerang,https://www.bukalapak.com/p/sepeda/fullbike/sepeda-lipat/4h4ws1s-jual-sepeda-lipat-element-ecosmo-z8-451-coca-cola-edition-20-22-inch
Harapan Jaya Jember,Sepeda Lipat Seli 20 Element Police Milan terbaru,1.860.000,1.860.000,0,2,Jember,https://www.bukalapak.com/p/sepeda/fullbike/sepeda-lipat/4g8png1-jual-sepeda-lipat-seli-20-element-police-milan-terbaru
Cibinong Sparts,Sepeda 20 lipat Odessy Ritz 7Speeds Cakram New,1.500.000,1.500.000,0,20,Kab. Bogor,https://www.bukalapak.com/p/sepeda/fullbike/sepeda-lipat/4fc1w61-jual-sepeda-20-lipat-odessy-ritz-7speeds-cakram-new
Kereta Retha,Sepeda Lipat 20 inch Trex XT-9 DB Shimano 7 Speed XT9,1.425.000,1.420.000,1%,1,Tangerang,https://www.bukalapak.com/p/sepeda/fullbike/sepeda-lipat/4h7khay-jual-sepeda-lipat-20-inch-trex-xt-9-db-shimano-7-speed-xt9
Cibinong Sparts,Sepeda 16 Lipat Odessy Phyton 7Speeds Cakram New,1.400.000,1.400.000,0,18,Kab. Bogor,https://www.bukalapak.com/p/sepeda/fullbike/sepeda-lipat/4fqre3g-jual-sepeda-16-lipat-odessy-phyton-7speeds-cakram-new
Cibinong Sparts,Sepeda Lipat 20 Foldingbike Trex XT-9 DB 7Speeds Cakram New,1.450.000,1.450.000,0,5,Kab. Bogor,https://www.bukalapak.com/p/sepeda/fullbike/sepeda-lipat/4guuons-jual-sepeda-lipat-20-foldingbike-trex-xt-9-db-7speeds-cakram-new
SUMBER JAYA BIKE OFFICIAL,Sepeda Lipat 20 Inch Element Ecosmo BOSQUE,2.975.000,2.975.000,0,2,Depok,https://www.bukalapak.com/p/sepeda/fullbike/sepeda-lipat/3z2po1y-jual-sepeda-lipat-20-inch-element-ecosmo-bosque
Cibinong Sparts,Sepeda 20 Lipat Element Police Milan Edisi RANS Raffi Achmad Nagita Salvina,1.900.000,1.900.000,0,3,Kab. Bogor,https://www.bukalapak.com/p/sepeda/fullbike/sepeda-lipat/483yd7w-jual-sepeda-20-lipat-element-police-milan-edisi-rans-raffi-achmad-nagita-salvina
Aneka Cycle,Sepeda Lipat Genio Runes By United 16 Inch,2.250.000,2.250.000,0,0,Jakarta Timur,https://www.bukalapak.com/p/sepeda/fullbike/sepeda-lipat/488zcx1-jual-sepeda-lipat-genio-runes-by-united-16-inch
KEDAISEPEDA,Sepeda Lipat 16 Anak & Dewasa Evergreen 7 Speed Discbrake,1.100.000,1.100.000,0,1,Jakarta Timur,https://www.bukalapak.com/p/sepeda/fullbike/sepeda-lipat/4hba6kj-jual-sepeda-lipat-16-anak-dewasa-evergreen-7-speed-discbrake
Mateo Express,Sepeda Lipat Evergreen EG116 Folding FB Remaja-Dewasa 16 Inci Hi-Ten Steel 1Sp V-Brake Folding Bike,965.000,965.000,0,5,Jakarta Timur,https://www.bukalapak.com/p/sepeda/fullbike/sepeda-lipat/zyn02u-jual-sepeda-lipat-evergreen-eg116-folding-fb-remaja-dewasa-16-inci-hi-ten-steel-1sp-v-brake-folding-bike
imans renkaz,Sepeda Lipat POLICE TEXAS BIKE TO WORK,2.895.000,2.890.000,1%,26,Jakarta Barat,https://www.bukalapak.com/p/sepeda/fullbike/sepeda-lipat/393uexz-jual-sepeda-lipat-police-texas-bike-to-work
Toko Sepeda Majuroyal,SEPEDA LIPAT POLICE TEXAS 20 INCH,2.800.000,2.795.000,1%,4,Tangerang,https://www.bukalapak.com/p/sepeda/fullbike/sepeda-lipat/188babr-jual-sepeda-lipat-police-texas-20-inch
Toko sepeda maju jaya,Sepeda Lipat 20 Inch Pacific Noris Pro Alloy 8 Speed,5.500.000,3.680.000,33%,4,Jambi,https://www.bukalapak.com/p/sepeda/fullbike/sepeda-lipat/3n9piqb-jual-sepeda-lipat-20-inch-pacific-noris-pro-alloy-8-speed
Sepedaholic,Sepeda Lipat 20 Inch PACIFIC SPLENDID AX VT Alloy 18 Speed NEW 2021,2.950.000,2.950.000,0,94,Kab. Tangerang,https://www.bukalapak.com/p/sepeda/fullbike/sepeda-lipat/4h4x3f4-jual-sepeda-lipat-20-inch-pacific-splendid-ax-vt-alloy-18-speed-new-2021
Kereta Retha,Sepeda Lipat Genio Lunox 1.0 16 inch Boncengan,1.675.000,1.670.000,1%,6,Tangerang,https://www.bukalapak.com/p/sepeda/fullbike/sepeda-lipat/4cwj3gj-jual-sepeda-lipat-genio-lunox-1-0-16-inch-boncengan
Harapan Jaya Jember,Sepeda Lipat Seli Police Milan 8 Speed Black Gold Bonus Helm RMB RG-02,1.860.000,1.855.000,1%,15,Jember,https://www.bukalapak.com/p/sepeda/fullbike/sepeda-lipat/3uq7u0u-jual-sepeda-lipat-seli-police-milan-8-speed-black-gold-bonus-helm-rmb-rg-02
Gelemman Store,Sepeda lipat london taxi 20 inch,3.750.000,3.745.000,1%,2,Jakarta Timur,https://www.bukalapak.com/p/sepeda/fullbike/sepeda-lipat/3f2m5vs-jual-sepeda-lipat-london-taxi-20-inch
Starmax.id,Sepeda lipat 16Inch odessy Phyton 7 speed,1.479.999,1.479.999,0,2,Jakarta Barat,https://www.bukalapak.com/p/sepeda/fullbike/sepeda-lipat/4g1w7r4-jual-sepeda-lipat-16inch-odessy-phyton-7-speed
Cibinong Sparts,Sepeda Lipat 20 FoldingBike Pacific Luxor Alloy 9Speeds Hidrolik Cakram New,3.800.000,3.795.000,1%,1,Kab. Bogor,https://www.bukalapak.com/p/sepeda/fullbike/sepeda-lipat/4h6eemy-jual-sepeda-lipat-20-foldingbike-pacific-luxor-alloy-9speeds-hidrolik-cakram-new
Sepedaholic,Sepeda Lipat 16 Inch PACIFIC 2980 RX 9.0 Hidrolik 9 Speed,2.660.000,2.660.000,0,36,Kab. Tangerang,https://www.bukalapak.com/p/sepeda/fullbike/sepeda-lipat/4h4wrza-jual-sepeda-lipat-16-inch-pacific-2980-rx-9-0-hidrolik-9-speed
sumber sukses sepeda,sepeda lipat 20 merk police Milan black gold 8speed,1.890.000,1.885.000,1%,0,Jakarta Selatan,https://www.bukalapak.com/p/sepeda/fullbike/sepeda-lipat/4h3a4bs-jual-sepeda-lipat-20-merk-police-milan-black-gold-8speed
Harapan Jaya Jember,Sepeda Lipat Seli 20 Exotic 2026AX include Helm dan Rak Botol,1.735.000,1.735.000,0,0,Jember,https://www.bukalapak.com/p/sepeda/fullbike/sepeda-lipat/4fjfz4s-jual-sepeda-lipat-seli-20-exotic-2026ax-include-helm-dan-rak-botol
Lautan Jaya Bike,Sepeda Lipat 20 ELEMENT POLICE TEXAS 8 Speed Edisi Teh Botol Sosro,2.550.000,2.545.000,1%,0,Kab. Bogor,https://www.bukalapak.com/p/sepeda/fullbike/sepeda-lipat/45qeexa-jual-sepeda-lipat-20-element-police-texas-8-speed-edisi-teh-botol-sosro
Cibinong Sparts,Sepeda 16 Lipat Evergreen  6Speeds,1.200.000,1.195.000,1%,57,Kab. Bogor,https://www.bukalapak.com/p/sepeda/fullbike/sepeda-lipat/2e2pdvy-jual-sepeda-16-lipat-evergreen-6speeds
Jaya agung bike,Sepeda Lipat Element Police Milan 16 349,1.890.000,1.885.000,1%,0,Kediri,https://www.bukalapak.com/p/sepeda/fullbike/sepeda-lipat/4h7aihs-jual-sepeda-lipat-element-police-milan-16-349
imans renkaz,Sepeda Lipat Element Pikes Gen 2,7.725.000,7.725.000,0,6,Jakarta Barat,https://www.bukalapak.com/p/sepeda/fullbike/sepeda-lipat/40nvknp-jual-sepeda-lipat-element-pikes-gen-2
Lautan Jaya Bike,SEPEDA LIPAT 20 ODESSY PHYTON,1.375.000,1.370.000,1%,1,Kab. Bogor,https://www.bukalapak.com/p/sepeda/fullbike/sepeda-lipat/4gf67h7-jual-sepeda-lipat-20-odessy-phyton
Cibinong Sparts,Sepeda 16 Lipat Evergreen 1Speed,1.050.000,1.045.000,1%,60,Kab. Bogor,https://www.bukalapak.com/p/sepeda/fullbike/sepeda-lipat/1026q1s-jual-sepeda-16-lipat-evergreen-1speed
CUNG BIKES ,SEPEDA LIPAT 20 EVERGREEN BEARING 7 SPEED,1.425.000,1.425.000,0,24,Kab. Tangerang,https://www.bukalapak.com/p/sepeda/fullbike/sepeda-lipat/memzkj-jual-sepeda-lipat-20-evergreen-bearing-7-speed
Sepedaholic,Sepeda Lipat 16 Inch PACIFIC Kodiak 2.0 Hi-Ten Steel 9 Speed Cakram,2.880.000,2.880.000,0,5,Kab. Tangerang,https://www.bukalapak.com/p/sepeda/fullbike/sepeda-lipat/4h4x9ym-jual-sepeda-lipat-16-inch-pacific-kodiak-2-0-hi-ten-steel-9-speed-cakram
Harapan Jaya Jember,Sepeda Lipat Seli 20 Exotic Explore 200 include Helm Cover Sadel dan Rak botol,2.000.000,1.995.000,1%,2,Jember,https://www.bukalapak.com/p/sepeda/fullbike/sepeda-lipat/4fz4q3a-jual-sepeda-lipat-seli-20-exotic-explore-200-include-helm-cover-sadel-dan-rak-botol
1Bike,Sepeda lipat 20 inch MCC BIKE sepeda lipat murah,1.600.000,1.600.000,0,1,Kab. Bekasi,https://www.bukalapak.com/p/sepeda/fullbike/sepeda-lipat/4gni8w1-jual-sepeda-lipat-20-inch-mcc-bike-sepeda-lipat-murah
Aneka Cycle,Sepeda Lipat Dewasa Morison 20 Inch Rem Cakram 7 Speed MS 8118 DB,1.500.000,1.500.000,0,0,Jakarta Timur,https://www.bukalapak.com/p/sepeda/fullbike/sepeda-lipat/3urvuxr-jual-sepeda-lipat-dewasa-morison-20-inch-rem-cakram-7-speed-ms-8118-db
Gelemman Store,Sepeda lipat 20 inch fastron f2303,1.550.000,1.550.000,0,0,Jakarta Timur,https://www.bukalapak.com/p/sepeda/fullbike/sepeda-lipat/4hbzq0y-jual-sepeda-lipat-20-inch-fastron-f2303
Sepedaholic,Sepeda Lipat UNITED NIGMA 5 V 20 Inch Alloy 10 Speed Hidrolik Garansi,3.600.000,3.600.000,0,12,Kab. Tangerang,https://www.bukalapak.com/p/sepeda/fullbike/sepeda-lipat/4h4ws2y-jual-sepeda-lipat-united-nigma-5-v-20-inch-alloy-10-speed-hidrolik-garansi
TOKO SEPEDA PALAPA,SEPEDA LIPAT 16 UNITED ROAR 2.0 SELI FOLDING BIKE 2,3.699.000,3.699.000,0,31,Rembang,https://www.bukalapak.com/p/sepeda/fullbike/sepeda-lipat/4co7x5a-jual-sepeda-lipat-16-united-roar-2-0-seli-folding-bike-2
CUNG BIKES ,Sepeda Lipat 20 Inch DAHON ION EUGENE frame Alloy 9 Speed Rem Cakram,4.108.000,4.103.000,1%,0,Kab. Tangerang,https://www.bukalapak.com/p/sepeda/fullbike/sepeda-lipat/4hbjgn1-jual-sepeda-lipat-20-inch-dahon-ion-eugene-frame-alloy-9-speed-rem-cakram
Sepedaholic,Sepeda Lipat ELEMENT POLICE MILAN 20 Inch Black Gold 8 Speed Garansi,2.100.000,2.100.000,0,1,Kab. Tangerang,https://www.bukalapak.com/p/sepeda/fullbike/sepeda-lipat/4h4x8ta-jual-sepeda-lipat-element-police-milan-20-inch-black-gold-8-speed-garansi
FoundToko,Lankeleisi Sepeda Elektrik Lipat Smart Moped 48V 10.4AH - G300 White,7.000.000,6.995.000,1%,0,Jakarta Barat,https://www.bukalapak.com/p/sepeda/fullbike/sepeda-lipat/41qtcxv-jual-lankeleisi-sepeda-elektrik-lipat-smart-moped-48v-10-4ah-g300-white
H.ANIM BIKE,Sepeda Lipat element Troy 8 speed New 2022 16 inch - Folding Bike Element New Troy 2022 8 speed,2.525.000,2.525.000,0,1,Bekasi,https://www.bukalapak.com/p/sepeda/fullbike/sepeda-lipat/4h0gnp1-jual-sepeda-lipat-element-troy-8-speed-new-2022-16-inch-folding-bike-element-new-troy-2022-8-speed
Sepedaholic,Sepeda Lipat PACIFIC SPLENDID 250 20 Inch Shimano 7 Speed Garansi,2.550.000,2.550.000,0,0,Kab. Tangerang,https://www.bukalapak.com/p/sepeda/fullbike/sepeda-lipat/4h4xacv-jual-sepeda-lipat-pacific-splendid-250-20-inch-shimano-7-speed-garansi
Sepedaholic,Sepeda Lipat 16 Inch PACIFIC DART 3.0 Alloy 10 Speed,3.950.000,3.950.000,0,6,Kab. Tangerang,https://www.bukalapak.com/p/sepeda/fullbike/sepeda-lipat/4h4x9xa-jual-sepeda-lipat-16-inch-pacific-dart-3-0-alloy-10-speed
Cibinong Sparts,Sepeda 20 Lipat Odessy Phyton 2021 7Speeds Cakram New,1.500.000,1.495.000,1%,31,Kab. Bogor,https://www.bukalapak.com/p/sepeda/fullbike/sepeda-lipat/4fm0ksy-jual-sepeda-20-lipat-odessy-phyton-2021-7speeds-cakram-new
imans renkaz,Sepeda Lipat Element Troy 10 Speed,4.175.000,4.175.000,0,1,Jakarta Barat,https://www.bukalapak.com/p/sepeda/fullbike/sepeda-lipat/4gxuafs-jual-sepeda-lipat-element-troy-10-speed
KEDAISEPEDA,Sepeda lipat 16 Element Camp RR Hazy 9Sp Roy Ricardo,3.850.000,3.850.000,0,0,Jakarta Timur,https://www.bukalapak.com/p/sepeda/fullbike/sepeda-lipat/4haaahd-jual-sepeda-lipat-16-element-camp-rr-hazy-9sp-roy-ricardo
Kereta Retha,Sepeda Lipat Anak 16 inch Family Kuta Rides Destino,1.000.000,995.000,1%,2,Tangerang,https://www.bukalapak.com/p/sepeda/fullbike/sepeda-lipat/4gzp5ip-jual-sepeda-lipat-anak-16-inch-family-kuta-rides-destino
SUMBER JAYA BIKE OFFICIAL,sepeda lipat 20 inch fastron by pacific bike,1.650.000,1.645.000,1%,1,Depok,https://www.bukalapak.com/p/sepeda/fullbike/sepeda-lipat/4gdk2mv-jual-sepeda-lipat-20-inch-fastron-by-pacific-bike
SUMBER JAYA BIKE OFFICIAL,sepeda lipat dahon ion chicago 20 inch,3.900.000,3.895.000,1%,0,Depok,https://www.bukalapak.com/p/sepeda/fullbike/sepeda-lipat/4gqxk9d-jual-sepeda-lipat-dahon-ion-chicago-20-inch
Toko sepeda maju jaya,Sepeda lipat 20 noris 2 2.0,3.100.000,2.850.000,8%,38,Jambi,https://www.bukalapak.com/p/sepeda/fullbike/sepeda-lipat/3ie2xn5-jual-sepeda-lipat-20-noris-2-2-0
DJI PRO,Sepeda Listrik Lipat Xiaomi Himo Z20 Z16 Foldable Electric Bicycle,7.445.000,7.445.000,0,25,Jakarta Pusat,https://www.bukalapak.com/p/sepeda/fullbike/sepeda-lipat/3tr6231-jual-sepeda-listrik-lipat-xiaomi-himo-z20-z16-foldable-electric-bicycle
Toko sepeda maju jaya,Sepeda Lipat 20 inch Folding Bike Pacific Exotic 2026 MS DB VT,2.500.000,1.795.000,28%,22,Jambi,https://www.bukalapak.com/p/sepeda/fullbike/sepeda-lipat/3oaqfzk-jual-sepeda-lipat-20-inch-folding-bike-pacific-exotic-2026-ms-db-vt
Bicycle Empire,Sepeda Lipat Folding 20 Rubick Gyro 8 Speed Bicycle Empire,3.250.000,1.990.000,39%,14,Tasikmalaya,https://www.bukalapak.com/p/sepeda/fullbike/sepeda-lipat/3oe12xg-jual-sepeda-lipat-folding-20-rubick-gyro-8-speed-bicycle-empire
Mitra Jaya Bike,Sepeda Anak Sepeda Lipat Atlantis Venus 18 1 Speed Besi,765.000,760.000,1%,0,Kab. Bekasi,https://www.bukalapak.com/p/sepeda/fullbike/sepeda-lipat/4h6mnzd-jual-sepeda-anak-sepeda-lipat-atlantis-venus-18-1-speed-besi
Toko Doraemon,sepeda lipat genio runes 1.0 20 inch 8speed sensah rem cakram,2.200.000,2.200.000,0,0,Jakarta Barat,https://www.bukalapak.com/p/sepeda/fullbike/sepeda-lipat/4hcanqs-jual-sepeda-lipat-genio-runes-1-0-20-inch-8speed-sensah-rem-cakram
SUMBER JAYA BIKE OFFICIAL,sepeda lipat 20 inch exotic 2026 AR,1.850.000,1.850.000,0,0,Depok,https://www.bukalapak.com/p/sepeda/fullbike/sepeda-lipat/4gklm74-jual-sepeda-lipat-20-inch-exotic-2026-ar
stefenbikeonline,Sepeda Lipat Genio F371 20 inch,1.475.000,1.475.000,0,0,Jombang,https://www.bukalapak.com/p/sepeda/fullbike/sepeda-lipat/4gxrj64-jual-sepeda-lipat-genio-f371-20-inch
Harapan Jaya Jember,Sepeda Lipat Seli 20 Atlantis Crosby 7 speed,1.400.000,1.400.000,0,0,Jember,https://www.bukalapak.com/p/sepeda/fullbike/sepeda-lipat/4g7aafa-jual-sepeda-lipat-seli-20-atlantis-crosby-7-speed
MT BIKE,sepeda lipat dahon ion eugene 20inch 9 speed new in box-original,3.900.000,3.895.000,1%,0,Solo,https://www.bukalapak.com/p/sepeda/fullbike/sepeda-lipat/4h66zza-jual-sepeda-lipat-dahon-ion-eugene-20inch-9-speed-new-in-box-original
ISTANA SEPEDA MOTOR,sepeda lipat urbano 3,4.200.000,4.200.000,0,0,Kab. Probolinggo,https://www.bukalapak.com/p/sepeda/fullbike/sepeda-lipat/2mjyr2y-jual-sepeda-lipat-urbano-3
RJ BIKE KARAWANG,Sepeda Lipat 20 inch Exotic ET2026 AR Free Helm,1.750.000,1.750.000,0,0,Karawang,https://www.bukalapak.com/p/sepeda/fullbike/sepeda-lipat/4fq6aam-jual-sepeda-lipat-20-inch-exotic-et2026-ar-free-helm
Aneka Bike,Sepeda Lipat Genio Lunox Ukuran 16 inch by United Bike,1.650.000,1.650.000,0,0,Kab. Bekasi,https://www.bukalapak.com/p/sepeda/fullbike/sepeda-lipat/4hbdggp-jual-sepeda-lipat-genio-lunox-ukuran-16-inch-by-united-bike
TOKO SEPEDA PALAPA,SEPEDA LIPAT 16 ELEMENT TROY 8 SPEED 2021 SELI FOLDING BIKE,2.550.000,2.550.000,0,37,Rembang,https://www.bukalapak.com/p/sepeda/fullbike/sepeda-lipat/46lr7co-jual-sepeda-lipat-16-element-troy-8-speed-2021-seli-folding-bike
Lautan Jaya Bike,SEPEDA 16 LIPAT GENIO LUNOX 7 SPEED REM CAKRAM,1.750.000,1.750.000,0,3,Kab. Bogor,https://www.bukalapak.com/p/sepeda/fullbike/sepeda-lipat/4env9aa-jual-sepeda-16-lipat-genio-lunox-7-speed-rem-cakram
ION BIKE JOGJA,Sepeda Lipat 20 Odessy Phyton 2021 7 Speed  Cakram Disc Brake Murah - Seli Sepeda Anak Dewasa OD36 OD 36 Odesy Oddesy Piton Pyton Python Sepeda Murah,1.400.000,1.400.000,0,0,Yogyakarta,https://www.bukalapak.com/p/sepeda/fullbike/sepeda-lipat/4gry7kp-jual-sepeda-lipat-20-odessy-phyton-2021-7-speed-cakram-disc-brake-murah-seli-sepeda-anak-dewasa-od36-od-36-odesy-oddesy-piton-pyton-python-sepeda-murah
Aneka Cycle,Sepeda Lipat Anak Genio Lunox 1.0 16 Inch By United,1.850.000,1.850.000,0,0,Jakarta Timur,https://www.bukalapak.com/p/sepeda/fullbike/sepeda-lipat/4fwu90v-jual-sepeda-lipat-anak-genio-lunox-1-0-16-inch-by-united
H.ANIM BIKE,Sepeda Lipat Exotic Explore 100 16 inch By pacific bike - Seli exotic Explore 100 16,1.850.000,1.845.000,1%,0,Bekasi,https://www.bukalapak.com/p/sepeda/fullbike/sepeda-lipat/4h4g9es-jual-sepeda-lipat-exotic-explore-100-16-inch-by-pacific-bike-seli-exotic-explore-100-16
ION BIKE JOGJA,Sepeda Lipat 20 451 Element Ecosmo Z8 Terbaru E Cosmo Z 2 x 8 Speed - Seli 20 plus 22 Z8 2x8 Speed 2x8sp Double Dual Hydrolik Murah Not Police B2W,3.375.000,3.375.000,0,0,Yogyakarta,https://www.bukalapak.com/p/sepeda/fullbike/sepeda-lipat/4gwfotm-jual-sepeda-lipat-20-451-element-ecosmo-z8-terbaru-e-cosmo-z-2-x-8-speed-seli-20-plus-22-z8-2x8-speed-2x8sp-double-dual-hydrolik-murah-not-police-b2w
Kereta Retha,Sepeda Lipet Genio F371 uk 20 inch 7speed F-371 F 371,1.500.000,1.500.000,0,0,Tangerang,https://www.bukalapak.com/p/sepeda/fullbike/sepeda-lipat/4gx7o8g-jual-sepeda-lipet-genio-f371-uk-20-inch-7speed-f-371-f-371
Sepedaholic,Sepeda Lipat 20 Inch PACIFIC 2980 RX 2.0 Boncengan Shimano 7 Speed,2.110.000,2.110.000,0,1,Kab. Tangerang,https://www.bukalapak.com/p/sepeda/fullbike/sepeda-lipat/4h4xaip-jual-sepeda-lipat-20-inch-pacific-2980-rx-2-0-boncengan-shimano-7-speed
Gelemman Store,Sepeda lipat foldx 8,2.250.000,2.250.000,0,0,Jakarta Timur,https://www.bukalapak.com/p/sepeda/fullbike/sepeda-lipat/4h1ey4j-jual-sepeda-lipat-foldx-8
LARIS Bike JOGJA,SEPEDA LIPAT DAHON DENVER 20 INCH ALLOY,5.500.000,5.500.000,0,0,Bantul,https://www.bukalapak.com/p/sepeda/fullbike/sepeda-lipat/4hc806d-jual-sepeda-lipat-dahon-denver-20-inch-alloy
Gallery Sepeda Sejahtera,SEPEDA LIPAT FOLDING BIKE CAMP HAZY RR 9 SPEED CAMP BIKE COLLABORATION ROY RICARDO SPESIAL EDITION,8.500.000,8.500.000,0,0,Semarang,https://www.bukalapak.com/p/sepeda/fullbike/sepeda-lipat/40n99bk-jual-sepeda-lipat-folding-bike-camp-hazy-rr-9-speed-camp-bike-collaboration-roy-ricardo-spesial-edition
Sepedaholic,Sepeda Lipat 16 Inch PACIFIC Flux 7.0 10 Speed Hidrolik,2.755.000,2.755.000,0,65,Kab. Tangerang,https://www.bukalapak.com/p/sepeda/fullbike/sepeda-lipat/4h4x9nj-jual-sepeda-lipat-16-inch-pacific-flux-7-0-10-speed-hidrolik
Gelemman Store,Sepeda lipat avand chester 8,2.150.000,2.150.000,0,0,Jakarta Timur,https://www.bukalapak.com/p/sepeda/fullbike/sepeda-lipat/4hbjdas-jual-sepeda-lipat-avand-chester-8
Kayumas Bike,SEPEDA LIPAT 20 ELEMENT POLICE TEXAS NEW 2022 1 x 8 SPEED HYDRAULIC DISC BRAKE,2.235.000,2.230.000,1%,0,Denpasar,https://www.bukalapak.com/p/sepeda/fullbike/sepeda-lipat/4gnbcbj-jual-sepeda-lipat-20-element-police-texas-new-2022-1-x-8-speed-hydraulic-disc-brake
RJ BIKE KARAWANG,Sepeda Lipat 20 inch ELEMENT Foldx 8 Speed 451,2.000.000,2.000.000,0,0,Karawang,https://www.bukalapak.com/p/sepeda/fullbike/sepeda-lipat/4h3caam-jual-sepeda-lipat-20-inch-element-foldx-8-speed-451
Toko sepeda maju jaya,Sepeda Lipat 20 Inch EVERBEST EB 902 Boncengan Rem Cakram V Brake 7 Speed,1.380.000,1.380.000,0,1,Jambi,https://www.bukalapak.com/p/sepeda/fullbike/sepeda-lipat/4gsjyav-jual-sepeda-lipat-20-inch-everbest-eb-902-boncengan-rem-cakram-v-brake-7-speed
SUMBER JAYA BIKE OFFICIAL,Sepeda Lipat 20 Inch United STYLO BEAT,2.350.000,2.350.000,0,0,Depok,https://www.bukalapak.com/p/sepeda/fullbike/sepeda-lipat/44b6pb9-jual-sepeda-lipat-20-inch-united-stylo-beat
Powerplus,Lankeleisi Sepeda Elektrik Lipat Luxury Editon G660,8.900.000,8.900.000,0,59,Tangerang,https://www.bukalapak.com/p/sepeda/fullbike/sepeda-lipat/3qmrz3l-jual-lankeleisi-sepeda-elektrik-lipat-luxury-editon-g660
Aneka Bike,Sepeda Lipat Anak 16 Inch Evergreen 1 Speed Murah,950.000,950.000,0,37,Kab. Bekasi,https://www.bukalapak.com/p/sepeda/fullbike/sepeda-lipat/4gv7ohj-jual-sepeda-lipat-anak-16-inch-evergreen-1-speed-murah
Serba Sepeda,Sepeda Lipat - Sepeda Police Milan,2.100.000,2.100.000,0,59,Bekasi,https://www.bukalapak.com/p/sepeda/fullbike/sepeda-lipat/l1h82s-jual-sepeda-lipat-sepeda-police-milan
Lautan Jaya Bike,SEPEDA LIPAT 20 GENIO RUNES 1.0,2.250.000,2.250.000,0,0,Kab. Bogor,https://www.bukalapak.com/p/sepeda/fullbike/sepeda-lipat/4gsckvd-jual-sepeda-lipat-20-genio-runes-1-0
Toko Doraemon,SEPEDA LIPAT ELEMENT POLICE TEXAS 8SPEED plus 20 INCH,2.600.000,2.600.000,0,0,Jakarta Barat,https://www.bukalapak.com/p/sepeda/fullbike/sepeda-lipat/3xqtz71-jual-sepeda-lipat-element-police-texas-8speed-plus-20-inch
fitcycle,Folding bikes Element Police Milan 16 inch 8 speed sepeda lipat seli,1.899.000,1.899.000,0,2,Bandung,https://www.bukalapak.com/p/sepeda/fullbike/sepeda-lipat/4h5ghbm-jual-folding-bikes-element-police-milan-16-inch-8-speed-sepeda-lipat-seli
Aneka Cycle,Sepeda Lipat BNB Chris 7 Speed 20 Inch Cakram,1.799.000,1.650.000,8%,1,Jakarta Timur,https://www.bukalapak.com/p/sepeda/fullbike/sepeda-lipat/3rwgkqh-jual-sepeda-lipat-bnb-chris-7-speed-20-inch-cakram
Toko sepeda maju jaya,sepeda lipat 20 Inch Pacific skull 3.0 alloy rem hydraulic hidrolik Folding bike,3.200.000,2.750.000,14%,54,Jambi,https://www.bukalapak.com/p/sepeda/fullbike/sepeda-lipat/483wu5e-jual-sepeda-lipat-20-inch-pacific-skull-3-0-alloy-rem-hydraulic-hidrolik-folding-bike
imans renkaz,Sepeda Lipat AVAND Chester VIII,2.199.000,2.199.000,0,0,Jakarta Barat,https://www.bukalapak.com/p/sepeda/fullbike/sepeda-lipat/3gb2nwy-jual-sepeda-lipat-avand-chester-viii
Harapan Jaya Jember,Sepeda Lipat Seli 16 Element Troy 10 Speed New Terbaru,3.950.000,3.950.000,0,0,Jember,https://www.bukalapak.com/p/sepeda/fullbike/sepeda-lipat/4gu2x9v-jual-sepeda-lipat-seli-16-element-troy-10-speed-new-terbaru
1Bike,Sepeda Lipat Element Pikes GEN 2 CJ Chicco Jerikho series 6 speed,10.350.000,10.350.000,0,1,Kab. Bekasi,https://www.bukalapak.com/p/sepeda/fullbike/sepeda-lipat/4erhqpd-jual-sepeda-lipat-element-pikes-gen-2-cj-chicco-jerikho-series-6-speed
Serba Sepeda,Sepeda Lipat - Sepeda Pacific 2980 RX 9,2.850.000,2.850.000,0,0,Bekasi,https://www.bukalapak.com/p/sepeda/fullbike/sepeda-lipat/2dujued-jual-sepeda-lipat-sepeda-pacific-2980-rx-9
CUNG BIKES ,Sepeda lipat 16 inch Police Milan 8 speed New Design by Element Bike,1.845.000,1.845.000,0,1,Kab. Tangerang,https://www.bukalapak.com/p/sepeda/fullbike/sepeda-lipat/4gck8cp-jual-sepeda-lipat-16-inch-police-milan-8-speed-new-design-by-element-bike
Harapan Jaya Jember,Sepeda Lipat Seli 16 Genio Lunox 7 Speed,1.675.000,1.675.000,0,2,Jember,https://www.bukalapak.com/p/sepeda/fullbike/sepeda-lipat/4fh5oh1-jual-sepeda-lipat-seli-16-genio-lunox-7-speed
Jaya agung bike,Sepeda lipat pacific kodiak E,3.499.000,3.499.000,0,1,Kediri,https://www.bukalapak.com/p/sepeda/fullbike/sepeda-lipat/3s3b4zw-jual-sepeda-lipat-pacific-kodiak-e
Cibinong Sparts,Sepeda Lipat 20 FoldingBike Genio F371 7Speeds Cakram New Product,1.600.000,1.595.000,1%,4,Kab. Bogor,https://www.bukalapak.com/p/sepeda/fullbike/sepeda-lipat/4gx9bbg-jual-sepeda-lipat-20-foldingbike-genio-f371-7speeds-cakram-new-product
Harapan Jaya Jember,Sepeda Lipat Seli 20 Dahon Ion Eugene 9 speed,3.920.000,3.915.000,1%,1,Jember,https://www.bukalapak.com/p/sepeda/fullbike/sepeda-lipat/4h4wen1-jual-sepeda-lipat-seli-20-dahon-ion-eugene-9-speed
SIDODADI BIKE LEO BABAT LAMONGAN,Sepeda Lipat 20 Genio Vesta Dapat Tas dan Helm,2.550.000,2.550.000,0,0,Lamongan,https://www.bukalapak.com/p/sepeda/fullbike/sepeda-lipat/4fima7v-jual-sepeda-lipat-20-genio-vesta-dapat-tas-dan-helm
Gabrush,Airwalk Expresso Sepeda MTB Lipat 20 Inci 7 Speed,2.369.000,2.369.000,0,0,Jakarta Barat,https://www.bukalapak.com/p/sepeda/fullbike/sepeda-lipat/4efbk8d-jual-airwalk-expresso-sepeda-mtb-lipat-20-inci-7-speed
Harapan Jaya Jember,Sepeda Lipat Seli 16 Element Troy 9 Speed,3.840.000,3.840.000,0,2,Jember,https://www.bukalapak.com/p/sepeda/fullbike/sepeda-lipat/4fow3dp-jual-sepeda-lipat-seli-16-element-troy-9-speed
stefenbikeonline,Sepeda lipat 20 Pacific Splendid 500,3.000.000,3.000.000,0,0,Jombang,https://www.bukalapak.com/p/sepeda/fullbike/sepeda-lipat/4fmq0t7-jual-sepeda-lipat-20-pacific-splendid-500
Sepedaholic,Sepeda Lipat 20 Inch EXOTIC EXPLORE 200 Alloy 9 Speed Hidrolik Bonus,2.000.000,2.000.000,0,17,Kab. Tangerang,https://www.bukalapak.com/p/sepeda/fullbike/sepeda-lipat/4h4x3bs-jual-sepeda-lipat-20-inch-exotic-explore-200-alloy-9-speed-hidrolik-bonus
SUMBER JAYA BIKE OFFICIAL,Sepeda Lipat Exotic Cartridge Bearing Remaja-Dewasa 20 Inci 7Sp 2026MX,1.850.000,1.850.000,0,16,Depok,https://www.bukalapak.com/p/sepeda/fullbike/sepeda-lipat/1pvcngn-jual-sepeda-lipat-exotic-cartridge-bearing-remaja-dewasa-20-inci-7sp-2026mx
Harapan Jaya Jember,Sepeda Lipat Seli 20 Element Ecosmo 7 speed Hydraulic Alloy Disc Brake,2.328.000,2.328.000,0,0,Jember,https://www.bukalapak.com/p/sepeda/fullbike/sepeda-lipat/4h72jqv-jual-sepeda-lipat-seli-20-element-ecosmo-7-speed-hydraulic-alloy-disc-brake
Sepedaholic,Sepeda Lipat PACIFIC NORIS PRO X 20 Inch Alloy 8 Speed Hidrolik,3.700.000,3.700.000,0,1,Kab. Tangerang,https://www.bukalapak.com/p/sepeda/fullbike/sepeda-lipat/4h4wvps-jual-sepeda-lipat-pacific-noris-pro-x-20-inch-alloy-8-speed-hidrolik
Harapan Jaya Jember,Sepeda Lipat 20 plus United Mirone Pro 10 speed Hidraulic seli 22,5.600.000,5.600.000,0,0,Jember,https://www.bukalapak.com/p/sepeda/fullbike/sepeda-lipat/4gbb65s-jual-sepeda-lipat-20-plus-united-mirone-pro-10-speed-hidraulic-seli-22
KEDAISEPEDA,Sepeda Lipat 16 Police Milan,1.890.000,1.890.000,0,0,Jakarta Timur,https://www.bukalapak.com/p/sepeda/fullbike/sepeda-lipat/4hb2aj1-jual-sepeda-lipat-16-police-milan
Toko Doraemon,sepeda lipat 20 police texas new,2.700.000,2.700.000,0,2,Jakarta Barat,https://www.bukalapak.com/p/sepeda/fullbike/sepeda-lipat/38dsnoy-jual-sepeda-lipat-20-police-texas-new
Starmax.id,Sepeda Lipat Gunung 26Inch Folding MTB Mountain Bike,2.999.000,2.799.999,7%,0,Jakarta Barat,https://www.bukalapak.com/p/sepeda/fullbike/sepeda-lipat/4eif2zv-jual-sepeda-lipat-gunung-26inch-folding-mtb-mountain-bike
sumber sukses sepeda,sepeda lipat merk pacific Splendid AX ukuran 20 in,2.900.000,2.900.000,0,0,Jakarta Selatan,https://www.bukalapak.com/p/sepeda/fullbike/sepeda-lipat/4h2txap-jual-sepeda-lipat-merk-pacific-splendid-ax-ukuran-20-in
TOKO SEPEDA PALAPA,SEPEDA LIPAT 20 FASTRON F - 2302 By Pacific SELI FOLDING BIKE,1.649.000,1.649.000,0,0,Rembang,https://www.bukalapak.com/p/sepeda/fullbike/sepeda-lipat/4gah3mp-jual-sepeda-lipat-20-fastron-f-2302-by-pacific-seli-folding-bike
imans renkaz,Sepeda Lipat UNITED Mirone PRO,5.750.000,5.750.000,0,7,Jakarta Barat,https://www.bukalapak.com/p/sepeda/fullbike/sepeda-lipat/4c74itj-jual-sepeda-lipat-united-mirone-pro
Sepedaholic,Sepeda Lipat PACIFIC SPLENDID 200 20 Inch 8 Speed Rem Cakram Garansi,2.300.000,2.300.000,0,0,Kab. Tangerang,https://www.bukalapak.com/p/sepeda/fullbike/sepeda-lipat/4h4ws2m-jual-sepeda-lipat-pacific-splendid-200-20-inch-8-speed-rem-cakram-garansi
Tokokulaku Bike,Sepeda Lipat Pacific Bike Noris 2.3 Alloy 20 inch Seli Black Rainbow Grey Yellow Folding United Stylo Splendid Pikes Dahon Ecosmo Foldx Pro Element Exotic,8.000.000,2.845.000,64%,19,Jakarta Barat,https://www.bukalapak.com/p/sepeda/fullbike/sepeda-lipat/3ngd7ug-jual-sepeda-lipat-pacific-bike-noris-2-3-alloy-20-inch-seli-black-rainbow-grey-yellow-folding-united-stylo-splendid-pikes-dahon-ecosmo-foldx-pro-element-exotic
jefin bike shop,sepeda lipat anak dan dewasa ukuran 16 merk kouan 1speed,1.050.000,1.050.000,0,0,Jakarta Selatan,https://www.bukalapak.com/p/sepeda/fullbike/sepeda-lipat/4hayq0j-jual-sepeda-lipat-anak-dan-dewasa-ukuran-16-merk-kouan-1speed
Sepedaholic,TERBARU 2021 Sepeda Lipat 16 Inch PACIFIC NORIS 1.0 VT Alloy 7 Speed,2.400.000,2.400.000,0,6,Kab. Tangerang,https://www.bukalapak.com/p/sepeda/fullbike/sepeda-lipat/4h4x8ty-jual-terbaru-2021-sepeda-lipat-16-inch-pacific-noris-1-0-vt-alloy-7-speed
Bintang Bike,Sepeda Lipat Pacific Splendid DX 20inch,2.900.000,2.900.000,0,0,Medan,https://www.bukalapak.com/p/sepeda/fullbike/sepeda-lipat/4gxgov4-jual-sepeda-lipat-pacific-splendid-dx-20inch
SUMBER JAYA BIKE OFFICIAL,sepeda lipat 20 inch element ecosmo Z8,3.375.000,3.375.000,0,1,Depok,https://www.bukalapak.com/p/sepeda/fullbike/sepeda-lipat/4ghiisy-jual-sepeda-lipat-20-inch-element-ecosmo-z8
1Bike,Sepeda Folding Lipat 16 Police Milan,1.800.000,1.800.000,0,0,Kab. Bekasi,https://www.bukalapak.com/p/sepeda/fullbike/sepeda-lipat/4gat757-jual-sepeda-folding-lipat-16-police-milan
Tokokulaku Bike,Sepeda Lipat United Genio Lunox Seli Termurah Bukan Pacific Noris Alloy Seli Folding Stylo Splendid Pikes Dahon Ecosmo Element Exotic Paling Murah,2.250.000,1.850.000,18%,16,Jakarta Barat,https://www.bukalapak.com/p/sepeda/fullbike/sepeda-lipat/3ws6yai-jual-sepeda-lipat-united-genio-lunox-seli-termurah-bukan-pacific-noris-alloy-seli-folding-stylo-splendid-pikes-dahon-ecosmo-element-exotic-paling-murah
Serba Sepeda,United Stylo DB Sport Sepeda Lipat 16 Inchi,2.370.000,2.370.000,0,0,Bekasi,https://www.bukalapak.com/p/sepeda/fullbike/sepeda-lipat/4gkeibd-jual-united-stylo-db-sport-sepeda-lipat-16-inchi
Mateo Express,Sepeda Lipat Odessy OD-LP1633 Rodeo 2.0 1Sp-VB 16 Inch x 1.75 Inch Hi-Ten Steel Single Speed V-Brake Folding Bike Remaja-Dewasa,985.000,985.000,0,0,Jakarta Timur,https://www.bukalapak.com/p/sepeda/fullbike/sepeda-lipat/4h70owm-jual-sepeda-lipat-odessy-od-lp1633-rodeo-2-0-1sp-vb-16-inch-x-1-75-inch-hi-ten-steel-single-speed-v-brake-folding-bike-remaja-dewasa
Jaya agung bike,Sepeda Lipat Element Police Texas B2W new stem ION adjustable,2.800.000,2.800.000,0,0,Kediri,https://www.bukalapak.com/p/sepeda/fullbike/sepeda-lipat/4h2usey-jual-sepeda-lipat-element-police-texas-b2w-new-stem-ion-adjustable
Lautan Jaya Bike,Sepeda 20 Lipat Genio F211 by Unitedbike,1.500.000,1.500.000,0,0,Kab. Bogor,https://www.bukalapak.com/p/sepeda/fullbike/sepeda-lipat/4h6p644-jual-sepeda-20-lipat-genio-f211-by-unitedbike
Outstanding,Sepeda Lipat Dewasa Sepeda Lipat Folding Bike Alloy 8 Speed,2.670.000,2.216.100,17%,0,Jakarta Barat,https://www.bukalapak.com/p/sepeda/fullbike/sepeda-lipat/3e4qn6y-jual-sepeda-lipat-dewasa-sepeda-lipat-folding-bike-alloy-8-speed
Serba Sepeda,Police Milan Sepeda Lipat 20 Inci,2.125.000,2.125.000,0,1,Bekasi,https://www.bukalapak.com/p/sepeda/fullbike/sepeda-lipat/4h215mv-jual-police-milan-sepeda-lipat-20-inci
Sepedaholic,Sepeda Lipat 20 Inc UNITED ORION VOL 2 Shimano 105 2x11 Speed Hidrolik,6.500.000,6.500.000,0,0,Kab. Tangerang,https://www.bukalapak.com/p/sepeda/fullbike/sepeda-lipat/4h4ws7j-jual-sepeda-lipat-20-inc-united-orion-vol-2-shimano-105-2x11-speed-hidrolik
Bintaro Bike,Sepeda Lipat Pacific Flux 3.5 16 Plus 8 Speed Free Tas & Cover Sadel,2.500.000,2.500.000,0,7,Tangerang Selatan,https://www.bukalapak.com/p/sepeda/fullbike/sepeda-lipat/4durg7d-jual-sepeda-lipat-pacific-flux-3-5-16-plus-8-speed-free-tas-cover-sadel
Cibinong Sparts,Sepeda 20 Lipat Element Texas B2W 2020,2.850.000,2.845.000,1%,4,Kab. Bogor,https://www.bukalapak.com/p/sepeda/fullbike/sepeda-lipat/39wpmaq-jual-sepeda-20-lipat-element-texas-b2w-2020
SUMBER JAYA BIKE OFFICIAL,sepeda lipat 16 element police milan,1.890.000,1.890.000,0,0,Depok,https://www.bukalapak.com/p/sepeda/fullbike/sepeda-lipat/4gdd0xv-jual-sepeda-lipat-16-element-police-milan
Mitra Jaya Bike,Sepeda Lipat Folding Bike Police Texas 20 Alloy NEW DESIGN 2019,3.000.000,3.000.000,0,22,Kab. Bekasi,https://www.bukalapak.com/p/sepeda/fullbike/sepeda-lipat/22dx2o7-jual-sepeda-lipat-folding-bike-police-texas-20-alloy-new-design-2019
Harapan Jaya Jember,Sepeda Lipat Seli 16 Genio Runes 8 Speed New,2.200.000,2.200.000,0,0,Jember,https://www.bukalapak.com/p/sepeda/fullbike/sepeda-lipat/4gwnmny-jual-sepeda-lipat-seli-16-genio-runes-8-speed-new
imans renkaz,Sepeda Lipat CAMP HAZY 9S RR,3.895.000,3.890.000,1%,12,Jakarta Barat,https://www.bukalapak.com/p/sepeda/fullbike/sepeda-lipat/3588d8d-jual-sepeda-lipat-camp-hazy-9s-rr
Toko sepeda maju jaya,Sepeda Lipat 16 Pacific Dart 3.0 mirip Troy Camp Hazy,4.000.000,3.850.000,4%,35,Jambi,https://www.bukalapak.com/p/sepeda/fullbike/sepeda-lipat/3pzxb6y-jual-sepeda-lipat-16-pacific-dart-3-0-mirip-troy-camp-hazy
Serba Sepeda,Element FoldX 8 Sepeda Lipat 20 Inci,2.000.000,2.000.000,0,0,Bekasi,https://www.bukalapak.com/p/sepeda/fullbike/sepeda-lipat/4gz8224-jual-element-foldx-8-sepeda-lipat-20-inci
imans renkaz,Sepeda Lipat Camp SNOKE IKO UWAIS,6.000.000,6.000.000,0,2,Jakarta Barat,https://www.bukalapak.com/p/sepeda/fullbike/sepeda-lipat/3x2hj8h-jual-sepeda-lipat-camp-snoke-iko-uwais
Sepeda Lankeleisi,GROSIR Sepeda Lipat Lankeleisi Sepeda Elektrik 48V 10.4AH XT600 elite,7.790.000,7.790.000,0,1,Jakarta Barat,https://www.bukalapak.com/p/sepeda/fullbike/sepeda-lipat/4bjgyav-jual-grosir-sepeda-lipat-lankeleisi-sepeda-elektrik-48v-10-4ah-xt600-elite
Harapan Jaya Jember,Sepeda Lipat 16 Element Troy 8 speed New,2.500.000,2.495.000,1%,0,Jember,https://www.bukalapak.com/p/sepeda/fullbike/sepeda-lipat/4h1ov5j-jual-sepeda-lipat-16-element-troy-8-speed-new
Harapan Jaya Jember,Sepeda Lipat 16 Evergreen Maximus 9 Speed Hidraulic Seli Not Elemenr Troy,3.000.000,3.000.000,0,4,Jember,https://www.bukalapak.com/p/sepeda/fullbike/sepeda-lipat/3n99qpa-jual-sepeda-lipat-16-evergreen-maximus-9-speed-hidraulic-seli-not-elemenr-troy
Bintaro Bike,Sepeda Lipat Tiga Trifold Pro Action Parrot Mirip Brompton Internal Gear 3 Speed,4.500.000,4.500.000,0,5,Tangerang Selatan,https://www.bukalapak.com/p/sepeda/fullbike/sepeda-lipat/4fi2c77-jual-sepeda-lipat-tiga-trifold-pro-action-parrot-mirip-brompton-internal-gear-3-speed
Sepedaholic,Sepeda Lipat 20 Inch GENIO VESTA 1.0 Alloy 8 Speed BY UNITED FREE BAG,2.700.000,2.450.000,9%,29,Kab. Tangerang,https://www.bukalapak.com/p/sepeda/fullbike/sepeda-lipat/4h4x9jy-jual-sepeda-lipat-20-inch-genio-vesta-1-0-alloy-8-speed-by-united-free-bag
imans renkaz,Sepeda Lipat Camp Hazy 11speed,8.000.000,8.000.000,0,1,Jakarta Barat,https://www.bukalapak.com/p/sepeda/fullbike/sepeda-lipat/4crdrim-jual-sepeda-lipat-camp-hazy-11speed
Kayumas Bike,SEPEDA LIPAT 20 EXOTIC 2026 SL VT DISC BRAKE 7 SPEED,1.850.000,1.850.000,0,0,Denpasar,https://www.bukalapak.com/p/sepeda/fullbike/sepeda-lipat/4feiqc4-jual-sepeda-lipat-20-exotic-2026-sl-vt-disc-brake-7-speed
Harapan Jaya Jember,Sepeda lipat Seli 20 Element Nicks 10 speed,3.970.000,3.970.000,0,0,Jember,https://www.bukalapak.com/p/sepeda/fullbike/sepeda-lipat/4gxgdfa-jual-sepeda-lipat-seli-20-element-nicks-10-speed
TOKO SEPEDA PALAPA,SEPEDA LIPAT 16 PACIFIC DART 5.0 SELI FOLDING BIKE 5,6.099.000,6.099.000,0,42,Rembang,https://www.bukalapak.com/p/sepeda/fullbike/sepeda-lipat/3z2kj3w-jual-sepeda-lipat-16-pacific-dart-5-0-seli-folding-bike-5
JUANG BIKE,sepeda lipat fullbike Rubick New Gyro 20 9 speed not sepeda lipat pacific dahon,1.950.000,1.950.000,0,1,Depok,https://www.bukalapak.com/p/sepeda/fullbike/sepeda-lipat/3wh59hi-jual-sepeda-lipat-fullbike-rubick-new-gyro-20-9-speed-not-sepeda-lipat-pacific-dahon
SIDODADI BIKE LEO BABAT LAMONGAN,Sepeda 16 Lipat Pacific KODIAK L,2.750.000,2.750.000,0,0,Lamongan,https://www.bukalapak.com/p/sepeda/fullbike/sepeda-lipat/4h31gup-jual-sepeda-16-lipat-pacific-kodiak-l
Sepedaholic,Sepeda Lipat 16 Inch VIVA TWIST MISTY V 2.0 Boncengan 7 Speed Cakram,1.650.000,1.650.000,0,1,Kab. Tangerang,https://www.bukalapak.com/p/sepeda/fullbike/sepeda-lipat/4h4wubj-jual-sepeda-lipat-16-inch-viva-twist-misty-v-2-0-boncengan-7-speed-cakram
Toko sepeda maju jaya,Sepeda Lipat 16 inch Genio Runes 1.0 Folding bike Chromoly 8 speed seli Cakram by United,2.350.000,2.250.000,4%,22,Jambi,https://www.bukalapak.com/p/sepeda/fullbike/sepeda-lipat/3tksq78-jual-sepeda-lipat-16-inch-genio-runes-1-0-folding-bike-chromoly-8-speed-seli-cakram-by-united
Larsen Bike,LIPAT 20 POLYGON URBANO 3 - NEW POLYGON URBANO 3 2021 - SELI - SEPEDA LIPAT POLYGON BUKAN ELEMENT PACIFIC,4.200.000,4.200.000,0,0,Kab. Magelang,https://www.bukalapak.com/p/sepeda/fullbike/sepeda-lipat/4f78uha-jual-lipat-20-polygon-urbano-3-new-polygon-urbano-3-2021-seli-sepeda-lipat-polygon-bukan-element-pacific
Toko Doraemon,sepeda lipat genio runes 1.0 16 inch 8speed sensah rem cakram,2.150.000,2.150.000,0,1,Jakarta Barat,https://www.bukalapak.com/p/sepeda/fullbike/sepeda-lipat/48e9hvx-jual-sepeda-lipat-genio-runes-1-0-16-inch-8speed-sensah-rem-cakram
imans renkaz,Sepeda Lipat Element Troy X8,2.595.000,2.590.000,1%,8,Jakarta Barat,https://www.bukalapak.com/p/sepeda/fullbike/sepeda-lipat/46qm0jy-jual-sepeda-lipat-element-troy-x8
TOKO SEPEDA PALAPA,SEPEDA LIPAT 16 FAMILY KUTA RIDES DESTINO TERMURAH,1.099.000,1.099.000,0,4,Rembang,https://www.bukalapak.com/p/sepeda/fullbike/sepeda-lipat/49wczp9-jual-sepeda-lipat-16-family-kuta-rides-destino-termurah
Gelemman Store,Sepeda lipat dahon ion chicago 8 speed,3.900.000,3.900.000,0,0,Jakarta Timur,https://www.bukalapak.com/p/sepeda/fullbike/sepeda-lipat/4gqv7bg-jual-sepeda-lipat-dahon-ion-chicago-8-speed
KEDAISEPEDA,Sepeda Lipat 20 Foldx Eight 8 Element Bike,2.350.000,2.350.000,0,0,Jakarta Timur,https://www.bukalapak.com/p/sepeda/fullbike/sepeda-lipat/4h0wify-jual-sepeda-lipat-20-foldx-eight-8-element-bike
1Bike,Sepeda Lipat Element Foldx Lite Damn I love Indonesia,6.300.000,6.300.000,0,0,Kab. Bekasi,https://www.bukalapak.com/p/sepeda/fullbike/sepeda-lipat/3r5h5mi-jual-sepeda-lipat-element-foldx-lite-damn-i-love-indonesia
ION BIKE JOGJA,sepeda lipat 16 camp hazy 9 speed discbrake - seli folding bike camp by element not xlite ringan banget not fnhon dahon litepro,7.100.000,7.100.000,0,0,Yogyakarta,https://www.bukalapak.com/p/sepeda/fullbike/sepeda-lipat/4f06kzp-jual-sepeda-lipat-16-camp-hazy-9-speed-discbrake-seli-folding-bike-camp-by-element-not-xlite-ringan-banget-not-fnhon-dahon-litepro
KEDAISEPEDA,Sepeda Lipat 16 Mini Atlantis Venus,845.000,845.000,0,0,Jakarta Timur,https://www.bukalapak.com/p/sepeda/fullbike/sepeda-lipat/4h9g0xj-jual-sepeda-lipat-16-mini-atlantis-venus
Harapan Jaya Jember,Sepeda Lipat 20 Element FOLDX 8 speed hidraulik discbrake,2.000.000,1.995.000,1%,0,Jember,https://www.bukalapak.com/p/sepeda/fullbike/sepeda-lipat/4h0dlsa-jual-sepeda-lipat-20-element-foldx-8-speed-hidraulik-discbrake
Damai Rejeki Bike,Sepeda Lipat 20 - Dahon Ion Denver 10 speed Shimano Tiagra,10.200.000,10.200.000,0,0,Malang,https://www.bukalapak.com/p/sepeda/fullbike/sepeda-lipat/4gwytpa-jual-sepeda-lipat-20-dahon-ion-denver-10-speed-shimano-tiagra
Serba Sepeda,Sepeda Lipat - Sepeda United Mirone Pro,5.800.000,5.800.000,0,43,Bekasi,https://www.bukalapak.com/p/sepeda/fullbike/sepeda-lipat/33gal8n-jual-sepeda-lipat-sepeda-united-mirone-pro
Albert Steven,Sepeda Lipat Police 20 inch Milan,1.890.000,1.890.000,0,1,Jakarta Timur,https://www.bukalapak.com/p/sepeda/fullbike/sepeda-lipat/4gzy8lj-jual-sepeda-lipat-police-20-inch-milan
Sepedaholic,Sepeda Lipat ELEMENT CLIP 20 Inch 451 22 Inch 10 Speed Chromoly,3.600.000,3.600.000,0,3,Kab. Tangerang,https://www.bukalapak.com/p/sepeda/fullbike/sepeda-lipat/4h4ws1v-jual-sepeda-lipat-element-clip-20-inch-451-22-inch-10-speed-chromoly
Sepedaholic,Sepeda Lipat 16 & 20 Inch PACIFIC SPLENDID 500 Alloy 9 Speed Hidrolik,3.120.000,3.120.000,0,4,Kab. Tangerang,https://www.bukalapak.com/p/sepeda/fullbike/sepeda-lipat/4h4x8hj-jual-sepeda-lipat-16-20-inch-pacific-splendid-500-alloy-9-speed-hidrolik
Sepedaholic,Sepeda Lipat 20 Inch AVAND CHESTER VIII 8 Speed Alloy Rem Hidrolik,2.500.000,2.250.000,10%,12,Kab. Tangerang,https://www.bukalapak.com/p/sepeda/fullbike/sepeda-lipat/4h4x394-jual-sepeda-lipat-20-inch-avand-chester-viii-8-speed-alloy-rem-hidrolik
Kereta Retha,Sepeda Lipat 20 inch United Nigma II Alloy 8 speed Dua 2,2.650.000,2.650.000,0,0,Tangerang,https://www.bukalapak.com/p/sepeda/fullbike/sepeda-lipat/4e3ve11-jual-sepeda-lipat-20-inch-united-nigma-ii-alloy-8-speed-dua-2
jefin bike shop,sepeda lipat 16 element Troy 10s frame cromoly,4.050.000,4.050.000,0,1,Jakarta Selatan,https://www.bukalapak.com/p/sepeda/fullbike/sepeda-lipat/4gkqklm-jual-sepeda-lipat-16-element-troy-10s-frame-cromoly
Cibinong Sparts,Sepeda 20 Lipat Trex XT-7 V-Brake 7Speeds,1.450.000,1.450.000,0,1,Kab. Bogor,https://www.bukalapak.com/p/sepeda/fullbike/sepeda-lipat/439bftk-jual-sepeda-20-lipat-trex-xt-7-v-brake-7speeds
Sepedaholic,Sepeda Lipat 20 Inch 451 UNITED NIGMA II Alloy 8 Speed,2.650.000,2.650.000,0,44,Kab. Tangerang,https://www.bukalapak.com/p/sepeda/fullbike/sepeda-lipat/4h4x9x1-jual-sepeda-lipat-20-inch-451-united-nigma-ii-alloy-8-speed
Mitra Jaya Bike,Sepeda Lipat DAHON K3 14 Inch 3 Speed Alloy,6.400.000,6.400.000,0,2,Kab. Bekasi,https://www.bukalapak.com/p/sepeda/fullbike/sepeda-lipat/3j077ay-jual-sepeda-lipat-dahon-k3-14-inch-3-speed-alloy
Harapan Jaya Jember,Sepeda Lipat Seli 20 Inter Bike Premium,1.125.000,1.120.000,1%,1,Jember,https://www.bukalapak.com/p/sepeda/fullbike/sepeda-lipat/4fvidop-jual-sepeda-lipat-seli-20-inter-bike-premium
RJ BIKE KARAWANG,SEPEDA LIPAT ELEMENT NICKS 20 INCH 451,3.950.000,3.950.000,0,0,Karawang,https://www.bukalapak.com/p/sepeda/fullbike/sepeda-lipat/4h4j9xd-jual-sepeda-lipat-element-nicks-20-inch-451
Ogah Repot,Xiaomi QiCycle Sepeda Elektrik Lipat Smart Bicycle,9.200.000,9.200.000,0,80,Jakarta Barat,https://www.bukalapak.com/p/sepeda/fullbike/sepeda-lipat/evoriu-jual-xiaomi-qicycle-sepeda-elektrik-lipat-smart-bicycle
Kayumas Bike,SEPEDA LIPAT 16 GENIO F371 7 SPEED MECHANICAL DISC BRAKE,1.600.000,1.600.000,0,0,Denpasar,https://www.bukalapak.com/p/sepeda/fullbike/sepeda-lipat/4gyji1d-jual-sepeda-lipat-16-genio-f371-7-speed-mechanical-disc-brake
RJ BIKE KARAWANG,Sepeda Lipat 16 20 Odessy Phyton Disc Brake,1.350.000,1.350.000,0,0,Karawang,https://www.bukalapak.com/p/sepeda/fullbike/sepeda-lipat/4fp6xg4-jual-sepeda-lipat-16-20-odessy-phyton-disc-brake
ION BIKE JOGJA,sepeda lipat 16 foldx xlite 9 speed discbrake - seli folding bike camp by element not camp ringan banget not fnhon dahon litepro hazy,7.500.000,7.500.000,0,0,Yogyakarta,https://www.bukalapak.com/p/sepeda/fullbike/sepeda-lipat/4f06q4j-jual-sepeda-lipat-16-foldx-xlite-9-speed-discbrake-seli-folding-bike-camp-by-element-not-camp-ringan-banget-not-fnhon-dahon-litepro-hazy
Serba Sepeda,Avand Chester IX Sepeda Lipat 20 Inci,2.999.900,2.999.900,0,0,Bekasi,https://www.bukalapak.com/p/sepeda/fullbike/sepeda-lipat/4h7puwg-jual-avand-chester-ix-sepeda-lipat-20-inci
1Bike,Sepeda Lipat 20 Inch Trex XT9 DB 7 Speed Cakram Mekanik,1.500.000,1.500.000,0,0,Kab. Bekasi,https://www.bukalapak.com/p/sepeda/fullbike/sepeda-lipat/4gxdskj-jual-sepeda-lipat-20-inch-trex-xt9-db-7-speed-cakram-mekanik
Tokokulaku Bike,Splendid 200 Sepeda Lipat 20 Inch Pacific Bike BUKAN Noris 2.0 Seli Folding United Dahon Ecosmo Troy Foldx Element Exotic 100 AX DX FX Gojek Gosend,2.700.000,2.300.000,15%,0,Jakarta Barat,https://www.bukalapak.com/p/sepeda/fullbike/sepeda-lipat/4gym1z1-jual-splendid-200-sepeda-lipat-20-inch-pacific-bike-bukan-noris-2-0-seli-folding-united-dahon-ecosmo-troy-foldx-element-exotic-100-ax-dx-fx-gojek-gosend
FoundToko,QiCycle EF1 Sepeda Elektrik Lipat Smart Bicycle TDR01Z Hitam,9.000.000,9.000.000,0,0,Jakarta Barat,https://www.bukalapak.com/p/sepeda/fullbike/sepeda-lipat/4271ubl-jual-qicycle-ef1-sepeda-elektrik-lipat-smart-bicycle-tdr01z-hitam
Lautan Jaya Bike,Sepeda Lipat 20 Inch Camp Snoke,5.500.000,5.500.000,0,0,Kab. Bogor,https://www.bukalapak.com/p/sepeda/fullbike/sepeda-lipat/4h61v5a-jual-sepeda-lipat-20-inch-camp-snoke
Kayumas Bike,SEPEDA LIPAT 20 EVERBEST EB-901 SINGLE SPEED,1.280.000,1.280.000,0,0,Denpasar,https://www.bukalapak.com/p/sepeda/fullbike/sepeda-lipat/4gk4vim-jual-sepeda-lipat-20-everbest-eb-901-single-speed
ENGGAL JAYA CYCLE SHOP,Sepeda Lipat Melano 7 Speed 20 Inch Murah Berkwalitas - Not Seli Pacific Exotic United Genio Element Polygon 20 Inch,1.350.000,1.350.000,0,0,Magelang,https://www.bukalapak.com/p/sepeda/fullbike/sepeda-lipat/4h3d62d-jual-sepeda-lipat-melano-7-speed-20-inch-murah-berkwalitas-not-seli-pacific-exotic-united-genio-element-polygon-20-inch
Kereta Retha,Sepeda Lipat Pacific 20 Inch Alloy Splendid AX 2x9 speed,2.900.000,2.900.000,0,0,Tangerang,https://www.bukalapak.com/p/sepeda/fullbike/sepeda-lipat/4g4mcmy-jual-sepeda-lipat-pacific-20-inch-alloy-splendid-ax-2x9-speed
Gelemman Store,Sepeda Lipat Foldx Xlite Damn I Love Indonesia Limited Edition,5.500.000,5.500.000,0,0,Jakarta Timur,https://www.bukalapak.com/p/sepeda/fullbike/sepeda-lipat/3rfrm8j-jual-sepeda-lipat-foldx-xlite-damn-i-love-indonesia-limited-edition
Javanica Collection,Lankeleisi Sepeda Elektrik Lipat Elite Version 48V 10.4AH - XT750,10.095.000,10.095.000,0,0,Kab. Tangerang,https://www.bukalapak.com/p/sepeda/fullbike/sepeda-lipat/42cmqhs-jual-lankeleisi-sepeda-elektrik-lipat-elite-version-48v-10-4ah-xt750
TOKO SEPEDA PALAPA,SEPEDA LIPAT 20 POLICE TEXAS BIKE TO WORK ELEMENT BTW FOLDING BIKE SELI,2.999.000,2.994.000,1%,3,Rembang,https://www.bukalapak.com/p/sepeda/fullbike/sepeda-lipat/3aj98l7-jual-sepeda-lipat-20-police-texas-bike-to-work-element-btw-folding-bike-seli
Lautan Jaya Bike,SEPEDA 16 LIPAT UNITED STYLO SPORTY TERBARU,2.250.000,2.250.000,0,0,Kab. Bogor,https://www.bukalapak.com/p/sepeda/fullbike/sepeda-lipat/4gu2p1a-jual-sepeda-16-lipat-united-stylo-sporty-terbaru
TOKO SEPEDA PALAPA,SEPEDA LIPAT 20 UNITED STYLO DB SPORT Disc Brake,2.250.000,2.250.000,0,0,Rembang,https://www.bukalapak.com/p/sepeda/fullbike/sepeda-lipat/4givvp7-jual-sepeda-lipat-20-united-stylo-db-sport-disc-brake
Sepedaholic,Sepeda Lipat 16 & 20 Inch EVERBEST EB 902 Boncengan 7 Speed Rem Cakram,1.400.000,1.400.000,0,3,Kab. Tangerang,https://www.bukalapak.com/p/sepeda/fullbike/sepeda-lipat/4h4wudd-jual-sepeda-lipat-16-20-inch-everbest-eb-902-boncengan-7-speed-rem-cakram
Istana Motor Istana Sepeda,sepeda element lipat e cosmo z10,9.700.000,9.700.000,0,1,Kab. Probolinggo,https://www.bukalapak.com/p/sepeda/fullbike/sepeda-lipat/3qjhvht-jual-sepeda-element-lipat-e-cosmo-z10
Cibinong Sparts,Sepeda Lipat 20 FoldingBike Pacific Splendid FX Alloy Hidrolik 9Speeds New,3.150.000,3.145.000,1%,1,Kab. Bogor,https://www.bukalapak.com/p/sepeda/fullbike/sepeda-lipat/4gu53kd-jual-sepeda-lipat-20-foldingbike-pacific-splendid-fx-alloy-hidrolik-9speeds-new
stefenbikeonline,Sepeda Lipat 20 Inch Interbike,1.250.000,1.250.000,0,0,Jombang,https://www.bukalapak.com/p/sepeda/fullbike/sepeda-lipat/4gz6b9v-jual-sepeda-lipat-20-inch-interbike
Kayumas Bike,SEPEDA LIPAT 16 CAMP HAZY KW RR ROY RICARDO 9 SPEED,3.925.000,3.925.000,0,0,Denpasar,https://www.bukalapak.com/p/sepeda/fullbike/sepeda-lipat/40ga6rq-jual-sepeda-lipat-16-camp-hazy-kw-rr-roy-ricardo-9-speed
Toko Doraemon,SEPEDA LIPAT ELEMENT POLICE MILAND 20 INCH 8 SPEED,2.050.000,2.050.000,0,1,Jakarta Barat,https://www.bukalapak.com/p/sepeda/fullbike/sepeda-lipat/3vr2zj4-jual-sepeda-lipat-element-police-miland-20-inch-8-speed
Toko sepeda maju jaya,Sepeda Lipat 16 Inch Pacific Splendid AX VT,2.650.000,2.650.000,0,33,Jambi,https://www.bukalapak.com/p/sepeda/fullbike/sepeda-lipat/4fuin4a-jual-sepeda-lipat-16-inch-pacific-splendid-ax-vt
Sumber bikeshop mjkt,Sepeda Lipat Polygon 20 inchi Tern Verge D9,11.480.000,11.480.000,0,0,Mojokerto,https://www.bukalapak.com/p/sepeda/fullbike/sepeda-lipat/4abm92d-jual-sepeda-lipat-polygon-20-inchi-tern-verge-d9
imans renkaz,Sepeda Lipat 3 Sixty M3,8.050.000,8.050.000,0,8,Jakarta Barat,https://www.bukalapak.com/p/sepeda/fullbike/sepeda-lipat/3r7h5gv-jual-sepeda-lipat-3-sixty-m3
Toko sepeda maju jaya,Folding bike Sepeda lipat seli Pacific Kodiak L 16 inch 9 speed mirip fnhon gust element troy,2.900.000,2.700.000,7%,1,Jambi,https://www.bukalapak.com/p/sepeda/fullbike/sepeda-lipat/42p1yh3-jual-folding-bike-sepeda-lipat-seli-pacific-kodiak-l-16-inch-9-speed-mirip-fnhon-gust-element-troy
Toko sepeda maju jaya,Sepeda Lipat 16 20 inch Everbest EB 903 Boncengan Spakbor 7 speed Rem cakram DB Disc Brake by Pacific folding bike,1.470.000,1.470.000,0,0,Jambi,https://www.bukalapak.com/p/sepeda/fullbike/sepeda-lipat/4h2zeag-jual-sepeda-lipat-16-20-inch-everbest-eb-903-boncengan-spakbor-7-speed-rem-cakram-db-disc-brake-by-pacific-folding-bike
Lancar Jaya Teknik,SEPEDA LIPAT EVERGREEN 16 MAXIMUS 9 SPEED - BUKAN - ELEMENT TROY - ELEMENT TROY 2020 - ELEMENT TROY BIKE TO WORK,3.575.000,3.575.000,0,14,Jakarta Barat,https://www.bukalapak.com/p/sepeda/fullbike/sepeda-lipat/3i47ywn-jual-sepeda-lipat-evergreen-16-maximus-9-speed-bukan-element-troy-element-troy-2020-element-troy-bike-to-work
Toko Doraemon,sepeda lipat 20 stylo united 5 speed,2.250.000,2.250.000,0,7,Jakarta Barat,https://www.bukalapak.com/p/sepeda/fullbike/sepeda-lipat/1agtlo5-jual-sepeda-lipat-20-stylo-united-5-speed
Harapan Jaya Jember,Sepeda lipat Seli 16 Hazy Camp 9 speed,3.825.000,3.820.000,1%,1,Jember,https://www.bukalapak.com/p/sepeda/fullbike/sepeda-lipat/4h9qi9m-jual-sepeda-lipat-seli-16-hazy-camp-9-speed
Sepedaholic,Sepeda Lipat FASTRON F 2303 Boncengan Ukuran 20 Inch Rem Cakram BONUS,1.700.000,1.700.000,0,2,Kab. Tangerang,https://www.bukalapak.com/p/sepeda/fullbike/sepeda-lipat/4h4xams-jual-sepeda-lipat-fastron-f-2303-boncengan-ukuran-20-inch-rem-cakram-bonus
Bicycle Empire,Sepeda Lipat 3Sixty Mystic Chameleon Seli Folding Bike 16 ich Bicycle Empire,8.700.000,8.295.000,5%,1,Tasikmalaya,https://www.bukalapak.com/p/sepeda/fullbike/sepeda-lipat/3t2t1f2-jual-sepeda-lipat-3sixty-mystic-chameleon-seli-folding-bike-16-ich-bicycle-empire
Sepedaholic,Sepeda Lipat EVERBEST EB 902 20 Inch Boncengan 7 Speed BANYAK BONUS,1.430.000,1.430.000,0,4,Kab. Tangerang,https://www.bukalapak.com/p/sepeda/fullbike/sepeda-lipat/4h4xanv-jual-sepeda-lipat-everbest-eb-902-20-inch-boncengan-7-speed-banyak-bonus
imans renkaz,Sepeda Lipat Element Troy X 9,3.935.000,3.935.000,0,11,Jakarta Barat,https://www.bukalapak.com/p/sepeda/fullbike/sepeda-lipat/3vi14hr-jual-sepeda-lipat-element-troy-x-9
ION BIKE JOGJA,LIMITED sepeda lipat 20 dahon ion madison 7 speed ringan eksklusif murah not ecosmo tern,4.185.000,4.185.000,0,0,Yogyakarta,https://www.bukalapak.com/p/sepeda/fullbike/sepeda-lipat/39kafpx-jual-limited-sepeda-lipat-20-dahon-ion-madison-7-speed-ringan-eksklusif-murah-not-ecosmo-tern
Sepedaholic,Sepeda Lipat 16 Inch Murah VIVA CYCLE TWIST MISTY 7 Speed Mirip Fnhon,1.625.000,1.625.000,0,22,Kab. Tangerang,https://www.bukalapak.com/p/sepeda/fullbike/sepeda-lipat/4h4x96v-jual-sepeda-lipat-16-inch-murah-viva-cycle-twist-misty-7-speed-mirip-fnhon
SUMBER JAYA BIKE OFFICIAL,sepeda lipat 20 inch family maximo ambrosio tx 7 1.0,1.550.000,1.550.000,0,0,Depok,https://www.bukalapak.com/p/sepeda/fullbike/sepeda-lipat/4gon5gv-jual-sepeda-lipat-20-inch-family-maximo-ambrosio-tx-7-1-0
Toko sepeda maju jaya,Sepeda Lipat 16 inch EVERBEST EB 903 Boncengan Rem Cakram DB Disc Brake 7 speed,1.425.000,1.425.000,0,0,Jambi,https://www.bukalapak.com/p/sepeda/fullbike/sepeda-lipat/4h2zc9a-jual-sepeda-lipat-16-inch-everbest-eb-903-boncengan-rem-cakram-db-disc-brake-7-speed
Cibinong Sparts,Sepeda Lipat 16 Genio F371 7Speeds Cakram New 2022,1.500.000,1.500.000,0,0,Kab. Bogor,https://www.bukalapak.com/p/sepeda/fullbike/sepeda-lipat/4h8n4zm-jual-sepeda-lipat-16-genio-f371-7speeds-cakram-new-2022
Sepedaholic,Sepeda Lipat 20 Inch BNB TORY 9.1 NEW 2020,2.500.000,2.500.000,0,16,Kab. Tangerang,https://www.bukalapak.com/p/sepeda/fullbike/sepeda-lipat/4h4x8ja-jual-sepeda-lipat-20-inch-bnb-tory-9-1-new-2020
SUMBER JAYA BIKE OFFICIAL,sepeda lipat 20 inch trex avalanche,1.800.000,1.800.000,0,1,Depok,https://www.bukalapak.com/p/sepeda/fullbike/sepeda-lipat/4gdr3im-jual-sepeda-lipat-20-inch-trex-avalanche
decker_racing,Sepeda Lipat Dahon Yuki 16 inch orange,4.500.000,4.500.000,0,0,Jakarta Utara,https://www.bukalapak.com/p/sepeda/fullbike/sepeda-lipat/3mrfz97-jual-sepeda-lipat-dahon-yuki-16-inch-orange
1Bike,Sepeda Lipat Dahon ion chicago 16 inch 7 speed,3.264.000,3.264.000,0,0,Kab. Bekasi,https://www.bukalapak.com/p/sepeda/fullbike/sepeda-lipat/4gukgu4-jual-sepeda-lipat-dahon-ion-chicago-16-inch-7-speed
TOKO SEPEDA PALAPA,SEPEDA LIPAT 20 PACIFIC NORIS 2.2 SR SELI FOLDING BIKE 2,3.259.000,3.259.000,0,0,Rembang,https://www.bukalapak.com/p/sepeda/fullbike/sepeda-lipat/4gwpkga-jual-sepeda-lipat-20-pacific-noris-2-2-sr-seli-folding-bike-2
Harapan Jaya Jember,Sepeda Lipat 20 United Phantom 3.0 Hidraulic,5.200.000,5.200.000,0,0,Jember,https://www.bukalapak.com/p/sepeda/fullbike/sepeda-lipat/4gbbhqy-jual-sepeda-lipat-20-united-phantom-3-0-hidraulic
H.ANIM BIKE,SEPEDA LIPAT UNITED STYLO BEAT 20 inc - FOLDING UNITED NEW STYLO BEAT 20,2.550.000,2.550.000,0,0,Bekasi,https://www.bukalapak.com/p/sepeda/fullbike/sepeda-lipat/47lrff7-jual-sepeda-lipat-united-stylo-beat-20-inc-folding-united-new-stylo-beat-20
Sepedaholic,Sepeda Lipat 20 Inch UNITED NIGMA III NEW 2021 Alloy 9 Speed Disc,3.050.000,3.050.000,0,57,Kab. Tangerang,https://www.bukalapak.com/p/sepeda/fullbike/sepeda-lipat/4h4x8lv-jual-sepeda-lipat-20-inch-united-nigma-iii-new-2021-alloy-9-speed-disc
SUMBER JAYA BIKE OFFICIAL,sepeda lipat 20 inch united nigma V,3.600.000,3.600.000,0,1,Depok,https://www.bukalapak.com/p/sepeda/fullbike/sepeda-lipat/4gdge8j-jual-sepeda-lipat-20-inch-united-nigma-v
1Bike,Sepeda Folding Lipat 20 Police Milan terbaru,1.868.000,1.868.000,0,9,Kab. Bekasi,https://www.bukalapak.com/p/sepeda/fullbike/sepeda-lipat/3v6yyzx-jual-sepeda-folding-lipat-20-police-milan-terbaru
1Bike,Sepeda Lipat Anak Kouan Dolphin 16 Inch Yang Efisien dan Praktis Berstandar SNI,940.000,940.000,0,2,Kab. Bekasi,https://www.bukalapak.com/p/sepeda/fullbike/sepeda-lipat/4ggupxv-jual-sepeda-lipat-anak-kouan-dolphin-16-inch-yang-efisien-dan-praktis-berstandar-sni
TOKO SEPEDA PALAPA,SEPEDA LIPAT 16 EXOTIC EXPLORE 300 SELI FOLDING BIKE,2.799.000,2.799.000,0,0,Rembang,https://www.bukalapak.com/p/sepeda/fullbike/sepeda-lipat/3o6fwsu-jual-sepeda-lipat-16-exotic-explore-300-seli-folding-bike
Bintaro Bike,Sepeda Lipat Pro Action Ibis roda 20 inch Murah,1.850.000,1.850.000,0,2,Tangerang Selatan,https://www.bukalapak.com/p/sepeda/fullbike/sepeda-lipat/40teuvj-jual-sepeda-lipat-pro-action-ibis-roda-20-inch-murah
Sepedaholic,Sepeda Lipat DAHON ION MADISON 20 Inch Alloy Shimano 7 Speed,5.115.000,2.929.500,43%,0,Kab. Tangerang,https://www.bukalapak.com/p/sepeda/fullbike/sepeda-lipat/4h4xahj-jual-sepeda-lipat-dahon-ion-madison-20-inch-alloy-shimano-7-speed
Camera Mania,Lankeleisi G650 Deluxe Version - Sepeda Elektrik Lipat Smart Moped 48V 10.4Ah,8.950.000,8.950.000,0,4,Jakarta Barat,https://www.bukalapak.com/p/sepeda/fullbike/sepeda-lipat/2ufu93z-jual-lankeleisi-g650-deluxe-version-sepeda-elektrik-lipat-smart-moped-48v-10-4ah
Sepedaholic,Sepeda Lipat 20 Inch BNB Nich Pro 9.2 2 x 9 Speed Alloy Hidrolik,3.030.000,3.030.000,0,24,Kab. Tangerang,https://www.bukalapak.com/p/sepeda/fullbike/sepeda-lipat/4h4x9yp-jual-sepeda-lipat-20-inch-bnb-nich-pro-9-2-2-x-9-speed-alloy-hidrolik
jefin bike shop,sepeda lipat 16 inci merk everybest seri EB 902 speed 7 frame besi,1.500.000,1.500.000,0,0,Jakarta Selatan,https://www.bukalapak.com/p/sepeda/fullbike/sepeda-lipat/4gjz3kg-jual-sepeda-lipat-16-inci-merk-everybest-seri-eb-902-speed-7-frame-besi
Kayumas Bike,SEPEDA LIPAT 16 EXOTIC 2026 RX DISC BRAKE 7 SPEED,1.900.000,1.900.000,0,0,Denpasar,https://www.bukalapak.com/p/sepeda/fullbike/sepeda-lipat/4fv9eo4-jual-sepeda-lipat-16-exotic-2026-rx-disc-brake-7-speed
INDUSTRIAL BIKE SEMARANG,Sepeda Lipat Smith Slk 1 x 10 Speed Fullbike Seli 16 Plus 349 Parts Litepro . Fnhon gust element troy pacific analog mxl jazz gold,5.050.000,5.045.000,1%,0,Semarang,https://www.bukalapak.com/p/sepeda/fullbike/sepeda-lipat/4h6evla-jual-sepeda-lipat-smith-slk-1-x-10-speed-fullbike-seli-16-plus-349-parts-litepro-fnhon-gust-element-troy-pacific-analog-mxl-jazz-gold
MI Store,Xiaomi QiCycle EF1 Sepeda Elektrik Lipat Smart Bicycle EU Version,8.999.000,8.999.000,0,21,Jakarta Timur,https://www.bukalapak.com/p/sepeda/fullbike/sepeda-lipat/4go2ies-jual-xiaomi-qicycle-ef1-sepeda-elektrik-lipat-smart-bicycle-eu-version
Sepedaholic,Sepeda Lipat 20 Inch ELEMENT ECOSMO 8 BOSQUE Baim Paula GRATIS HELM,3.150.000,3.150.000,0,7,Kab. Tangerang,https://www.bukalapak.com/p/sepeda/fullbike/sepeda-lipat/4h4x9ms-jual-sepeda-lipat-20-inch-element-ecosmo-8-bosque-baim-paula-gratis-helm
ION BIKE JOGJA,sepeda lipat 20 element ecosmo bike for ibadah 10sp - cosmo bikeforibadah 10 speed - sepeda lipat element 406 seli alloy murah ringan not fnhon,5.000.000,5.000.000,0,0,Yogyakarta,https://www.bukalapak.com/p/sepeda/fullbike/sepeda-lipat/47c8tug-jual-sepeda-lipat-20-element-ecosmo-bike-for-ibadah-10sp-cosmo-bikeforibadah-10-speed-sepeda-lipat-element-406-seli-alloy-murah-ringan-not-fnhon
Harapan Jaya Jember,Sepeda Lipat Seli 20 Exotic Explore 100 include Rak botol,1.850.000,1.850.000,0,1,Jember,https://www.bukalapak.com/p/sepeda/fullbike/sepeda-lipat/4gifg3a-jual-sepeda-lipat-seli-20-exotic-explore-100-include-rak-botol
Sepedaholic,Harga Normal Sepeda Lipat 16 Inch Pacific Flux 3.0 Mirip Element Troy,2.450.000,2.450.000,0,105,Kab. Tangerang,https://www.bukalapak.com/p/sepeda/fullbike/sepeda-lipat/4h4wqx1-jual-harga-normal-sepeda-lipat-16-inch-pacific-flux-3-0-mirip-element-troy
KEDAISEPEDA,[Gojek/Grab] Sepeda Lipat 16 United Roar,3.930.000,3.930.000,0,0,Jakarta Timur,https://www.bukalapak.com/p/sepeda/fullbike/sepeda-lipat/4h8lhpy-jual-gojek-grab-sepeda-lipat-16-united-roar
Mitra Jaya Bike,Sepeda Lipat Folding Bike 16 349 Pacific Pithon Classic Series,5.500.000,5.500.000,0,0,Kab. Bekasi,https://www.bukalapak.com/p/sepeda/fullbike/sepeda-lipat/42ofs2g-jual-sepeda-lipat-folding-bike-16-349-pacific-pithon-classic-series
Kayumas Bike,SEPEDA LIPAT 22 451 ELEMENT NICKS 2 x 10 SPEED,4.725.000,4.725.000,0,0,Denpasar,https://www.bukalapak.com/p/sepeda/fullbike/sepeda-lipat/4gc7wmj-jual-sepeda-lipat-22-451-element-nicks-2-x-10-speed
Kayumas Bike,SEPEDA LIPAT 20 EXOTIC EXPLORE 10.0 2 x 10 SPEED HYDRAULIC DISC BRAKE,5.400.000,5.400.000,0,0,Denpasar,https://www.bukalapak.com/p/sepeda/fullbike/sepeda-lipat/3li200n-jual-sepeda-lipat-20-exotic-explore-10-0-2-x-10-speed-hydraulic-disc-brake
Gallery Sepeda Sejahtera,SEPEDA LIPAT FOLDING BIKE POLICE TEXAS 8 NEW 2021 WARNA SILVER BLACK,2.450.000,2.450.000,0,0,Semarang,https://www.bukalapak.com/p/sepeda/fullbike/sepeda-lipat/42ueb32-jual-sepeda-lipat-folding-bike-police-texas-8-new-2021-warna-silver-black
OMGUN,READY STOCK FNHON GUST RED MAROON 16 INCH SEPEDA LIPAT FOLDING BIKE,11.900.000,7.880.000,34%,5,Jakarta Utara,https://www.bukalapak.com/p/sepeda/fullbike/sepeda-lipat/413war5-jual-ready-stock-fnhon-gust-red-maroon-16-inch-sepeda-lipat-folding-bike
Toko sepeda maju jaya,Sepeda Lipat Pacific Noris 2.0 8 speed,3.100.000,2.850.000,8%,3,Jambi,https://www.bukalapak.com/p/sepeda/fullbike/sepeda-lipat/2jr1u0b-jual-sepeda-lipat-pacific-noris-2-0-8-speed
Toko Doraemon,sepeda lipat element ecosmo Z10 black coral,9.500.000,9.500.000,0,0,Jakarta Barat,https://www.bukalapak.com/p/sepeda/fullbike/sepeda-lipat/3prmvm3-jual-sepeda-lipat-element-ecosmo-z10-black-coral
Sepedaholic,Sepeda Lipat 20 Inch Pacific Noris Indonesia Special Edition,2.750.000,2.750.000,0,10,Kab. Tangerang,https://www.bukalapak.com/p/sepeda/fullbike/sepeda-lipat/4h4xa71-jual-sepeda-lipat-20-inch-pacific-noris-indonesia-special-edition
Sepedaholic,Sepeda Lipat ELEMENT ECOSMO Z8 Ban 451 20 22 Inch Garansi Resmi,3.750.000,3.750.000,0,0,Kab. Tangerang,https://www.bukalapak.com/p/sepeda/fullbike/sepeda-lipat/4h4xaij-jual-sepeda-lipat-element-ecosmo-z8-ban-451-20-22-inch-garansi-resmi
ISAK Billiard Sport Co,Eurobeat Folding Bike 20 inch White 6-speed Sepeda Lipat Euro Fold Bicycle,1.900.000,1.900.000,0,0,Jakarta Pusat,https://www.bukalapak.com/p/sepeda/fullbike/sepeda-lipat/3w6w7jh-jual-eurobeat-folding-bike-20-inch-white-6-speed-sepeda-lipat-euro-fold-bicycle
hobby_pesepeda,sepeda lipat 3sixty bukan brompton fnhon gust dahon tern,9.000.000,9.000.000,0,27,Jakarta Barat,https://www.bukalapak.com/p/sepeda/fullbike/sepeda-lipat/2bxyauf-jual-sepeda-lipat-3sixty-bukan-brompton-fnhon-gust-dahon-tern
Sepedaholic,Sepeda Lipat 16 Inch PACIFIC LUXOR Alloy Shimano Sora 9 Speed Hidrolik,3.710.000,3.710.000,0,10,Kab. Tangerang,https://www.bukalapak.com/p/sepeda/fullbike/sepeda-lipat/4h4x8q4-jual-sepeda-lipat-16-inch-pacific-luxor-alloy-shimano-sora-9-speed-hidrolik
Serba Sepeda,Sepeda Lipat - Polygon Urbano 5,5.500.000,5.500.000,0,42,Bekasi,https://www.bukalapak.com/p/sepeda/fullbike/sepeda-lipat/4c2341d-jual-sepeda-lipat-polygon-urbano-5
Tokokulaku Bike,Pacific Luxor 20 inch Terbaru 2022 Sepeda Lipat Premium Alloy Shimano Alumunium Allumunium Rem Hidrolik Hidraulik Hidraulic Bukan Noris 16 Dart,3.900.000,3.795.000,3%,0,Jakarta Barat,https://www.bukalapak.com/p/sepeda/fullbike/sepeda-lipat/4fvt0qa-jual-pacific-luxor-20-inch-terbaru-2022-sepeda-lipat-premium-alloy-shimano-alumunium-allumunium-rem-hidrolik-hidraulik-hidraulic-bukan-noris-16-dart
RJ BIKE KARAWANG,SEPEDA LIPAT 16 inch ELEMENT TROY X10 BLACK CHROME,4.350.000,4.350.000,0,0,Karawang,https://www.bukalapak.com/p/sepeda/fullbike/sepeda-lipat/4h3hm3s-jual-sepeda-lipat-16-inch-element-troy-x10-black-chrome
1Bike,SEPEDA LIPAT TREX XT 7 DB 16 dan 20 SHIMANO 7 SPEED FOLDING BIKE,1.450.000,1.450.000,0,0,Kab. Bekasi,https://www.bukalapak.com/p/sepeda/fullbike/sepeda-lipat/4gkw1da-jual-sepeda-lipat-trex-xt-7-db-16-dan-20-shimano-7-speed-folding-bike
Toko sepeda maju jaya,Sepeda lipat 20 exotic explore 10 10.0 rem hidrolik 10 speed,2.500.000,2.390.000,4%,2,Jambi,https://www.bukalapak.com/p/sepeda/fullbike/sepeda-lipat/3f18jle-jual-sepeda-lipat-20-exotic-explore-10-10-0-rem-hidrolik-10-speed
Kereta Retha,Sepeda Lipat 20 inch GENIO LUNOX 1.0,1.800.000,1.800.000,0,7,Tangerang,https://www.bukalapak.com/p/sepeda/fullbike/sepeda-lipat/4b2qlna-jual-sepeda-lipat-20-inch-genio-lunox-1-0
Lautan Jaya Bike,Sepeda Lipat 20 Element Foldx 8,2.250.000,2.250.000,0,0,Kab. Bogor,https://www.bukalapak.com/p/sepeda/fullbike/sepeda-lipat/4h61vss-jual-sepeda-lipat-20-element-foldx-8
ENGGAL JAYA CYCLE SHOP,Sepeda Lipat Pacific Exotic Explore 10.0 20 Speed Hydraulic Disk Brake - Explore 2 X 10 Speed Not Polygon Urbano Element Fold X United Nigma,4.000.000,4.000.000,0,0,Magelang,https://www.bukalapak.com/p/sepeda/fullbike/sepeda-lipat/3lol0g3-jual-sepeda-lipat-pacific-exotic-explore-10-0-20-speed-hydraulic-disk-brake-explore-2-x-10-speed-not-polygon-urbano-element-fold-x-united-nigma
Sepedaholic,Sepeda Lipat 20 Inch UNITED MIRONE PRO,5.725.000,5.725.000,0,5,Kab. Tangerang,https://www.bukalapak.com/p/sepeda/fullbike/sepeda-lipat/4h4x8jd-jual-sepeda-lipat-20-inch-united-mirone-pro
Harapan Jaya Jember,Sepeda Lipat Seli 20 Dahon Ion Chicago 8 speed,3.750.000,3.750.000,0,0,Jember,https://www.bukalapak.com/p/sepeda/fullbike/sepeda-lipat/4gx8tma-jual-sepeda-lipat-seli-20-dahon-ion-chicago-8-speed
Kereta Retha,Sepeda Lipat Uk 16 inch Murah VIVA CYCLE TWIST MISTY 7 Speed,1.600.000,1.600.000,0,0,Tangerang,https://www.bukalapak.com/p/sepeda/fullbike/sepeda-lipat/4gpdm37-jual-sepeda-lipat-uk-16-inch-murah-viva-cycle-twist-misty-7-speed
Lancar Jaya Teknik,SEPEDA LIPAT PACIFIC NORIS 1.0 16 INCHI - PACIFIC FOLDING BIKE - NORIS 1.0 16 INCHI,2.640.000,2.640.000,0,13,Jakarta Barat,https://www.bukalapak.com/p/sepeda/fullbike/sepeda-lipat/3cfrdf0-jual-sepeda-lipat-pacific-noris-1-0-16-inchi-pacific-folding-bike-noris-1-0-16-inchi
Toko Doraemon,sepeda lipat trifold 7 united,8.500.000,8.500.000,0,9,Jakarta Barat,https://www.bukalapak.com/p/sepeda/fullbike/sepeda-lipat/sk420c-jual-sepeda-lipat-trifold-7-united
Kereta Retha,Sepeda Lipat United 16 inch Roar 2.0,3.900.000,3.900.000,0,1,Tangerang,https://www.bukalapak.com/p/sepeda/fullbike/sepeda-lipat/4gpdm8d-jual-sepeda-lipat-united-16-inch-roar-2-0
Larsen Bike,Sepeda Lipat Polygon URBANO 5 Folding bike 20 inch Seli Polygon URBANO 5 - NEW POLYGON URBANO 5 2022 URBANO 5 NEW,5.500.000,5.500.000,0,1,Kab. Magelang,https://www.bukalapak.com/p/sepeda/fullbike/sepeda-lipat/4f78qcv-jual-sepeda-lipat-polygon-urbano-5-folding-bike-20-inch-seli-polygon-urbano-5-new-polygon-urbano-5-2022-urbano-5-new
Toko sepeda maju jaya,Pacific Noris 2.1 Sepeda Lipat Folding Bike 16 inch Velg Veleg Tinggi 8 Speed Alloy,2.900.000,2.590.000,11%,0,Jambi,https://www.bukalapak.com/p/sepeda/fullbike/sepeda-lipat/3pvxc4a-jual-pacific-noris-2-1-sepeda-lipat-folding-bike-16-inch-velg-veleg-tinggi-8-speed-alloy
OMGUN,READY STOCK FNHON GUST 16 INCH POSTAL GREEN SEPEDA LIPAT FOLDING,11.900.000,7.900.000,34%,1,Jakarta Utara,https://www.bukalapak.com/p/sepeda/fullbike/sepeda-lipat/413wdat-jual-ready-stock-fnhon-gust-16-inch-postal-green-sepeda-lipat-folding
