Nama,Harga,Harga Diskon,Diskon,Stok,Terjual,Kota,Provinsi,Link
FNHON FREEDOM 16 INCH 3 SPEED SEPEDA LIPAT RINGAN FOLDING BIKE,750000,6750000,0,3,1,Jakarta Selatan,DKI Jakarta,https://www.bukalapak.com/p/sepeda/fullbike/sepeda-lipat/446ukgp-jual-fnhon-freedom-16-inch-3-speed-sepeda-lipat-ringan-folding-bike
Xiaomi Sepeda Lipat Elektrik HIMO Z20 Smart Moped Bicycle 250W 80KM,60006500,9160990,85,100,0,Jakarta Pusat,DKI Jakarta,https://www.bukalapak.com/p/sepeda/fullbike/sepeda-lipat/4dhd5oj-jual-xiaomi-sepeda-lipat-elektrik-himo-z20-smart-moped-bicycle-250w-80km
Sepeda Elektrik Lipat Lankeleisi Moped Lite Edition 48V 8.7AH - G660,48575500,7586990,84,100,0,Jakarta Pusat,DKI Jakarta,https://www.bukalapak.com/p/sepeda/fullbike/sepeda-lipat/4dheeom-jual-sepeda-elektrik-lipat-lankeleisi-moped-lite-edition-48v-8-7ah-g660
Sepeda Elektrik Lipat Lankeleisi Smart Moped 48V 10AH 1000W X2000 Plus,73355000,10282990,86,100,0,Jakarta Pusat,DKI Jakarta,https://www.bukalapak.com/p/sepeda/fullbike/sepeda-lipat/4dhea5j-jual-sepeda-elektrik-lipat-lankeleisi-smart-moped-48v-10ah-1000w-x2000-plus
Xiaomi Sepeda Elektrik Lipat QiCycle EF1 Smart Bicycle China - TDR1Z,67422500,14175200,79,100,0,Jakarta Pusat,DKI Jakarta,https://www.bukalapak.com/p/sepeda/fullbike/sepeda-lipat/4dhdpy4-jual-xiaomi-sepeda-elektrik-lipat-qicycle-ef1-smart-bicycle-china-tdr1z
Sepeda Lipat 20 Folding bike Pacific SPLENDID ALLOY,2250000,2245000,1,5,1,Kab. Bekasi,Jawa Barat,https://www.bukalapak.com/p/sepeda/fullbike/sepeda-lipat/3y65aqk-jual-sepeda-lipat-20-folding-bike-pacific-splendid-alloy
Sepeda 16 Lipat Odessy Ritz 7Speeda Cakram New 2021,1400000,1400000,0,20,27,Kab. Bogor,Jawa Barat,https://www.bukalapak.com/p/sepeda/fullbike/sepeda-lipat/4g7cdkj-jual-sepeda-16-lipat-odessy-ritz-7speeda-cakram-new-2021
Sepeda Lipat Odessy Ritz 16 20 inch Disc Brike,1350000,1350000,0,3,4,Karawang,Jawa Barat,https://www.bukalapak.com/p/sepeda/fullbike/sepeda-lipat/4h2h22d-jual-sepeda-lipat-odessy-ritz-16-20-inch-disc-brike
Sepeda Lipat 20 Inch ODESSY 20 52 RITZ SHIMANO ORIGINAL 7 SPEED,1500000,1500000,0,10,157,Kab. Tangerang,Banten,https://www.bukalapak.com/p/sepeda/fullbike/sepeda-lipat/4h4x9eg-jual-sepeda-lipat-20-inch-odessy-20-52-ritz-shimano-original-7-speed
sepeda lipat 16 merk family maximo tipe Rion seri tx7 frame besi speed 7a2 ltwoo,1850000,1845000,1,9,1,Jakarta Selatan,DKI Jakarta,https://www.bukalapak.com/p/sepeda/fullbike/sepeda-lipat/4g409iy-jual-sepeda-lipat-16-merk-family-maximo-tipe-rion-seri-tx7-frame-besi-speed-7a2-ltwoo
Sepeda Lipat Element Troy X 10 Speed Titan Black Chromolly,3945000,3940000,1,10,7,Jakarta Barat,DKI Jakarta,https://www.bukalapak.com/p/sepeda/fullbike/sepeda-lipat/4egl9nm-jual-sepeda-lipat-element-troy-x-10-speed-titan-black-chromolly
Sepeda lipat senator 16 inch,1000000,995000,1,7,3,Jakarta Timur,DKI Jakarta,https://www.bukalapak.com/p/sepeda/fullbike/sepeda-lipat/4go9yrm-jual-sepeda-lipat-senator-16-inch
Sepeda Lipat 16 inch Pacific Noris 2.1 Pasific,2900000,2585000,11,39,1,Jambi,Jambi,https://www.bukalapak.com/p/sepeda/fullbike/sepeda-lipat/4ggvgxa-jual-sepeda-lipat-16-inch-pacific-noris-2-1-pasific
MURAH Sepeda Lipat 16 dan 20  Atlantis Crossby Cakram 7 Speed Shimano,1350000,1350000,0,5,5,Kab. Bekasi,Jawa Barat,https://www.bukalapak.com/p/sepeda/fullbike/sepeda-lipat/4ft0vlg-jual-murah-sepeda-lipat-16-dan-20-atlantis-crossby-cakram-7-speed-shimano
SEPEDA LIPAT 16 ODESSY PHYTON 7SPEED,1325000,1320000,1,13,7,Kab. Bogor,Jawa Barat,https://www.bukalapak.com/p/sepeda/fullbike/sepeda-lipat/4g6q4pv-jual-sepeda-lipat-16-odessy-phyton-7speed
Sepeda Elektrik Lipat Lankeleisi Luxury Edition 48V 10.4AH - G660,57733000,13015200,77,100,0,Jakarta Pusat,DKI Jakarta,https://www.bukalapak.com/p/sepeda/fullbike/sepeda-lipat/4dhefo7-jual-sepeda-elektrik-lipat-lankeleisi-luxury-edition-48v-10-4ah-g660
Lankeleisi Sepeda Elektrik Lipat Deluxe Vers 48V 10.4Ah G650,41023000,14186400,65,49,0,Jakarta Pusat,DKI Jakarta,https://www.bukalapak.com/p/sepeda/fullbike/sepeda-lipat/4ffzuy4-jual-lankeleisi-sepeda-elektrik-lipat-deluxe-vers-48v-10-4ah-g650
Sepeda Elektrik Lipat Lankeleisi Smart Moped 48V 10AH 1000W XT750 Plus,93834500,14562990,84,100,0,Jakarta Pusat,DKI Jakarta,https://www.bukalapak.com/p/sepeda/fullbike/sepeda-lipat/4dhe8v1-jual-sepeda-elektrik-lipat-lankeleisi-smart-moped-48v-10ah-1000w-xt750-plus
Xiaomi Sepeda Lipat Elektrik HIMO Z14 350W 12Ah Standard Edition,56059000,52134900,7,100,0,Jakarta Pusat,DKI Jakarta,https://www.bukalapak.com/p/sepeda/fullbike/sepeda-lipat/4dhd03m-jual-xiaomi-sepeda-lipat-elektrik-himo-z14-350w-12ah-standard-edition
Lankeleisi Sepeda Elektrik Lipat Smart Moped 48V 10AH 1000W XT750 Plus,22127000,14562300,34,77,34,Jakarta Barat,DKI Jakarta,https://www.bukalapak.com/p/sepeda/fullbike/sepeda-lipat/4c2ysxy-jual-lankeleisi-sepeda-elektrik-lipat-smart-moped-48v-10ah-1000w-xt750-plus
Sepeda Lipat Pacific Bike Noris 2.0 Alloy 20 inch Seli Grey Yellow Folding United Splendid Dahon Ecosmo Troy Foldx Element Exotic Gojek Gosend,4800000,1970000,59,90,31,Jakarta Barat,DKI Jakarta,https://www.bukalapak.com/p/sepeda/fullbike/sepeda-lipat/3k9cjq4-jual-sepeda-lipat-pacific-bike-noris-2-0-alloy-20-inch-seli-grey-yellow-folding-united-splendid-dahon-ecosmo-troy-foldx-element-exotic-gojek-gosend
Sepeda 20 Lipat Element Police Milan New,1900000,1895000,1,17,13,Kab. Bogor,Jawa Barat,https://www.bukalapak.com/p/sepeda/fullbike/sepeda-lipat/4e3vz07-jual-sepeda-20-lipat-element-police-milan-new
Sepeda Lipat Folding bike RUBICK GAS Shensa 16,2727000,2727000,0,9,1,Tangerang,Banten,https://www.bukalapak.com/p/sepeda/fullbike/sepeda-lipat/4gpdmb7-jual-sepeda-lipat-folding-bike-rubick-gas-shensa-16
Sepeda Lipat Camp Hazy 9s,3895000,3890000,1,5,9,Jakarta Barat,DKI Jakarta,https://www.bukalapak.com/p/sepeda/fullbike/sepeda-lipat/2avtx3c-jual-sepeda-lipat-camp-hazy-9s
Sepeda Lipat Pacific Flux 7.0 mirip troy fnhon gust,4400000,2680000,39,18,33,Jambi,Jambi,https://www.bukalapak.com/p/sepeda/fullbike/sepeda-lipat/3s01brg-jual-sepeda-lipat-pacific-flux-7-0-mirip-troy-fnhon-gust
Sepeda Lipat 20 Inter Bike 7 speed,1100000,1095000,1,10,0,Jember,Jawa Timur,https://www.bukalapak.com/p/sepeda/fullbike/sepeda-lipat/4h34rq4-jual-sepeda-lipat-20-inter-bike-7-speed
Sepeda Lipat 20 inch Dahon ION Madison Frame Alloy 7 Speed Shimano,2929500,2929500,0,3,0,Kab. Tangerang,Banten,https://www.bukalapak.com/p/sepeda/fullbike/sepeda-lipat/4hbjgmd-jual-sepeda-lipat-20-inch-dahon-ion-madison-frame-alloy-7-speed-shimano
"Sepeda 20"" Lipat Trex",1600000,1595000,1,5,9,Malang,Jawa Timur,https://www.bukalapak.com/p/sepeda/fullbike/sepeda-lipat/1err27-jual-sepeda-20-lipat-trex
SEPEDA LIPAT 20 AVALANCHE ALLOY TREX,1800000,1800000,0,4,0,Sidoarjo,Jawa Timur,https://www.bukalapak.com/p/sepeda/fullbike/sepeda-lipat/4g8wyjm-jual-sepeda-lipat-20-avalanche-alloy-trex
Sepeda lipat Pacific Noris Indonesia 20 Inch,5000000,2575000,49,28,2,Jambi,Jambi,https://www.bukalapak.com/p/sepeda/fullbike/sepeda-lipat/3j9afno-jual-sepeda-lipat-pacific-noris-indonesia-20-inch
Sepeda Elektrik Lipat Lankeleisi Elite Version 48V 10.4AH - G550,58502500,54407400,7,100,0,Jakarta Pusat,DKI Jakarta,https://www.bukalapak.com/p/sepeda/fullbike/sepeda-lipat/4dhegyg-jual-sepeda-elektrik-lipat-lankeleisi-elite-version-48v-10-4ah-g550
Sepeda Elektrik Lipat Lankeleisi Elite Version 48V 10.4AH - XT750,63409000,58970400,7,100,0,Jakarta Pusat,DKI Jakarta,https://www.bukalapak.com/p/sepeda/fullbike/sepeda-lipat/4dheg8g-jual-sepeda-elektrik-lipat-lankeleisi-elite-version-48v-10-4ah-xt750
Lankeleisi Sepeda Elektrik Lipat Luxury Edition 48V 10.4AH - G660,13615000,12798100,6,77,0,Jakarta Barat,DKI Jakarta,https://www.bukalapak.com/p/sepeda/fullbike/sepeda-lipat/4c2zvcv-jual-lankeleisi-sepeda-elektrik-lipat-luxury-edition-48v-10-4ah-g660
Sepeda Elektrik Lipat Lankeleisi Smart Moped 36V 10Ah 400W - QF600,55268500,51399800,7,100,0,Jakarta Pusat,DKI Jakarta,https://www.bukalapak.com/p/sepeda/fullbike/sepeda-lipat/4dhebly-jual-sepeda-elektrik-lipat-lankeleisi-smart-moped-36v-10ah-400w-qf600
Sepeda Elektrik Lipat Lankeleisi Smart Moped 36V 8.7AH - G100,48836000,45417500,7,100,0,Jakarta Pusat,DKI Jakarta,https://www.bukalapak.com/p/sepeda/fullbike/sepeda-lipat/4dheasg-jual-sepeda-elektrik-lipat-lankeleisi-smart-moped-36v-8-7ah-g100
Sepeda Lipat Everbest EB902 20 Inci x 1.50 Inci Hi-Ten Steel 1x7 Speed V-Brake Remaja-Dewasa Folding Bike,1400000,1400000,0,2,1,Jakarta Timur,DKI Jakarta,https://www.bukalapak.com/p/sepeda/fullbike/sepeda-lipat/4geoy9v-jual-sepeda-lipat-everbest-eb902-20-inci-x-1-50-inci-hi-ten-steel-1x7-speed-v-brake-remaja-dewasa-folding-bike
sepeda lipat 16 oddesy phyton,1370000,1370000,0,9,0,Depok,Jawa Barat,https://www.bukalapak.com/p/sepeda/fullbike/sepeda-lipat/4gdd09y-jual-sepeda-lipat-16-oddesy-phyton
Pacific Noris 2980 RX 7.0 Sepeda Lipat 20 inch Grey NEW bukan Brompton Element 6.8 2.1 2.2 2.3 Pro Dahon Ecosmo Polygon Splendid,6000000,2745000,54,84,24,Jakarta Barat,DKI Jakarta,https://www.bukalapak.com/p/sepeda/fullbike/sepeda-lipat/3rum9xh-jual-pacific-noris-2980-rx-7-0-sepeda-lipat-20-inch-grey-new-bukan-brompton-element-6-8-2-1-2-2-2-3-pro-dahon-ecosmo-polygon-splendid
Sepeda Lipat Anak Perempuan 16 inch Merk Kouan,950000,945000,1,4,6,Tangerang,Banten,https://www.bukalapak.com/p/sepeda/fullbike/sepeda-lipat/4g4uu44-jual-sepeda-lipat-anak-perempuan-16-inch-merk-kouan
"Sepeda Lipat Odessy OD-LP52 Ritz 16"" x 1.75"" Hi-Ten Steel 1x7Sp Mech Disc Brake Remaja Folding Bike",1400000,1400000,0,2,0,Jakarta Timur,DKI Jakarta,https://www.bukalapak.com/p/sepeda/fullbike/sepeda-lipat/4h738wj-jual-sepeda-lipat-odessy-od-lp52-ritz-16-x-1-75-hi-ten-steel-1x7sp-mech-disc-brake-remaja-folding-bike
Sepeda Lipat Exotic Explore 16 Inch By Pacific Bike Bukan Noris 20 inch Seli Grey Folding United 2.1 2.3 2980 Splendid  Ecosmo Element Gojek Gosend,2650000,1845000,30,100,6,Jakarta Barat,DKI Jakarta,https://www.bukalapak.com/p/sepeda/fullbike/sepeda-lipat/4g7evkm-jual-sepeda-lipat-exotic-explore-16-inch-by-pacific-bike-bukan-noris-20-inch-seli-grey-folding-united-2-1-2-3-2980-splendid-ecosmo-element-gojek-gosend
Sepeda Lipat 16 20 Inch ODESSY RITZ 2052 7 Speed Rem Cakram Boncengan,1550000,1550000,0,5,12,Kab. Tangerang,Banten,https://www.bukalapak.com/p/sepeda/fullbike/sepeda-lipat/4h4wvt7-jual-sepeda-lipat-16-20-inch-odessy-ritz-2052-7-speed-rem-cakram-boncengan
Sepeda Lipat 16 Inch ODESSY ROXAS 8.0 Chromoly 8 Speed,1899000,1899000,0,16,270,Kab. Tangerang,Banten,https://www.bukalapak.com/p/sepeda/fullbike/sepeda-lipat/4h4x9sa-jual-sepeda-lipat-16-inch-odessy-roxas-8-0-chromoly-8-speed
SEPEDA LIPAT 20 INCH TREX SHIMANO DISCBRAKE,1500000,1500000,0,2,0,Sidoarjo,Jawa Timur,https://www.bukalapak.com/p/sepeda/fullbike/sepeda-lipat/4gyow07-jual-sepeda-lipat-20-inch-trex-shimano-discbrake
Sepeda Lipat Seli Police Milan 8 Speed Black Gold Bonus Helm RMB RG-02,1860000,1855000,1,35,15,Jember,Jawa Timur,https://www.bukalapak.com/p/sepeda/fullbike/sepeda-lipat/3uq7u0u-jual-sepeda-lipat-seli-police-milan-8-speed-black-gold-bonus-helm-rmb-rg-02
Xiaomi Sepeda Lipat Elektrik HIMO Z14 350W 15Ah Urban Edition,59855500,55665700,7,100,0,Jakarta Pusat,DKI Jakarta,https://www.bukalapak.com/p/sepeda/fullbike/sepeda-lipat/4dhd1l4-jual-xiaomi-sepeda-lipat-elektrik-himo-z14-350w-15ah-urban-edition
Sepeda Elektrik Lipat Lankeleisi Sports Version 48V 10AH - XT750,82206500,76452100,7,100,0,Jakarta Pusat,DKI Jakarta,https://www.bukalapak.com/p/sepeda/fullbike/sepeda-lipat/4dhe854-jual-sepeda-elektrik-lipat-lankeleisi-sports-version-48v-10ah-xt750
Xiaomi Sepeda Elektrik Lipat QiCycle EF1 Smart Bicycle EU Version,74300000,69099000,7,100,0,Jakarta Pusat,DKI Jakarta,https://www.bukalapak.com/p/sepeda/fullbike/sepeda-lipat/4dhdrv4-jual-xiaomi-sepeda-elektrik-lipat-qicycle-ef1-smart-bicycle-eu-version
Xiaomi Sepeda Lipat Elektrik HIMO Z16 Smart Bicycle 36V250W 80KM,53213000,49488100,7,100,0,Jakarta Pusat,DKI Jakarta,https://www.bukalapak.com/p/sepeda/fullbike/sepeda-lipat/4dhd26j-jual-xiaomi-sepeda-lipat-elektrik-himo-z16-smart-bicycle-36v250w-80km
SEPEDA LIPAT FOLDING BIKE ELEMENT ECOSMO Z8 BLACK PANTHER MARVEL,8750000,7000000,20,5,1,Depok,Jawa Barat,https://www.bukalapak.com/p/sepeda/fullbike/sepeda-lipat/3rd50sa-jual-sepeda-lipat-folding-bike-element-ecosmo-z8-black-panther-marvel
Sepeda lipat fnhon zephyr 9 speed 16 inch original,16700000,15865000,5,2,0,Depok,Jawa Barat,https://www.bukalapak.com/p/sepeda/fullbike/sepeda-lipat/4gf676j-jual-sepeda-lipat-fnhon-zephyr-9-speed-16-inch-original
Element Sepeda Lipat FoldX X9 Andalas 9 Speed Grey  FREE Helm Random,11400000,10830000,5,5,0,Depok,Jawa Barat,https://www.bukalapak.com/p/sepeda/fullbike/sepeda-lipat/3vwasr5-jual-element-sepeda-lipat-foldx-x9-andalas-9-speed-grey-free-helm-random
Sepeda Lipat Element Ecosmo 10 Speed LIMITED EDITION SUMPAH PEMUDA,9850000,9357500,5,5,0,Depok,Jawa Barat,https://www.bukalapak.com/p/sepeda/fullbike/sepeda-lipat/3vwc1ru-jual-sepeda-lipat-element-ecosmo-10-speed-limited-edition-sumpah-pemuda
Element Sepeda Lipat 20 Inchi FoldX Lite Damn  I Love Indonesia Limited Edition New Design,15350000,14582500,5,5,0,Depok,Jawa Barat,https://www.bukalapak.com/p/sepeda/fullbike/sepeda-lipat/3vw8nfo-jual-element-sepeda-lipat-20-inchi-foldx-lite-damn-i-love-indonesia-limited-edition-new-design
Sepeda Lipat Element Clip,3335000,3330000,1,4,7,Jakarta Barat,DKI Jakarta,https://www.bukalapak.com/p/sepeda/fullbike/sepeda-lipat/43xck3n-jual-sepeda-lipat-element-clip
Sepeda Lipat 16 Pacific Flux 7.0 Seli Folding Bike 7,2699000,2699000,0,9,1,Rembang,Jawa Tengah,https://www.bukalapak.com/p/sepeda/fullbike/sepeda-lipat/4gsbtkm-jual-sepeda-lipat-16-pacific-flux-7-0-seli-folding-bike-7
Lankeleisi Sepeda Elektrik Lipat Lite Edition 48V 8.7AH - G660,6450000,6445000,1,1000,0,Jakarta Barat,DKI Jakarta,https://www.bukalapak.com/p/sepeda/fullbike/sepeda-lipat/3z8k8ua-jual-lankeleisi-sepeda-elektrik-lipat-lite-edition-48v-8-7ah-g660
Sepeda Lipat 20 Inch ODESSY PHYTON LP-2036 7 Speed Cakram,1500000,1500000,0,8,273,Kab. Tangerang,Banten,https://www.bukalapak.com/p/sepeda/fullbike/sepeda-lipat/4h4ws01-jual-sepeda-lipat-20-inch-odessy-phyton-lp-2036-7-speed-cakram
sepeda lipat 16 inch Pacific analog 2.2 Gold chromoly 10 speed rem hidrolik hydraulic not fnhon gust element troy dahon blast,4150000,3845000,7,21,48,Jambi,Jambi,https://www.bukalapak.com/p/sepeda/fullbike/sepeda-lipat/46w6o7h-jual-sepeda-lipat-16-inch-pacific-analog-2-2-gold-chromoly-10-speed-rem-hidrolik-hydraulic-not-fnhon-gust-element-troy-dahon-blast
Sepeda Lipat ELEMENT ECOSMO Z8 451 COCA COLA EDITION 20 22 Inch,3750000,2437500,35,10,0,Kab. Tangerang,Banten,https://www.bukalapak.com/p/sepeda/fullbike/sepeda-lipat/4h4ws1s-jual-sepeda-lipat-element-ecosmo-z8-451-coca-cola-edition-20-22-inch
Sepeda Lipat Seli 20 Element Police Milan terbaru,1860000,1860000,0,19999,2,Jember,Jawa Timur,https://www.bukalapak.com/p/sepeda/fullbike/sepeda-lipat/4g8png1-jual-sepeda-lipat-seli-20-element-police-milan-terbaru
Sepeda 20 lipat Odessy Ritz 7Speeds Cakram New,1500000,1500000,0,20,20,Kab. Bogor,Jawa Barat,https://www.bukalapak.com/p/sepeda/fullbike/sepeda-lipat/4fc1w61-jual-sepeda-20-lipat-odessy-ritz-7speeds-cakram-new
Sepeda Lipat 20 inch Trex XT-9 DB Shimano 7 Speed XT9,1425000,1420000,1,9,1,Tangerang,Banten,https://www.bukalapak.com/p/sepeda/fullbike/sepeda-lipat/4h7khay-jual-sepeda-lipat-20-inch-trex-xt-9-db-shimano-7-speed-xt9
Sepeda 16 Lipat Odessy Phyton 7Speeds Cakram New,1400000,1400000,0,10,18,Kab. Bogor,Jawa Barat,https://www.bukalapak.com/p/sepeda/fullbike/sepeda-lipat/4fqre3g-jual-sepeda-16-lipat-odessy-phyton-7speeds-cakram-new
Sepeda Lipat Pikes Gen 2 Special Edition Pevita Pearce,16200000,15390000,5,5,0,Depok,Jawa Barat,https://www.bukalapak.com/p/sepeda/fullbike/sepeda-lipat/3vwf60j-jual-sepeda-lipat-pikes-gen-2-special-edition-pevita-pearce
Sepeda Lipat Ecosmo Z9 Save The Earth Special Edition Spec Mantap Bonus Helm RMB Ready Stock,13100000,12445000,5,5,0,Depok,Jawa Barat,https://www.bukalapak.com/p/sepeda/fullbike/sepeda-lipat/3vwg5bn-jual-sepeda-lipat-ecosmo-z9-save-the-earth-special-edition-spec-mantap-bonus-helm-rmb-ready-stock
Fnhon Gust BARU Ubrake Sepeda Lipat Gust 349 16inci Plus Not Dahon Element pikes 3sixty Brompton,9500000,9500000,0,5,0,Jakarta Barat,DKI Jakarta,https://www.bukalapak.com/p/sepeda/fullbike/sepeda-lipat/4hatgnj-jual-fnhon-gust-baru-ubrake-sepeda-lipat-gust-349-16inci-plus-not-dahon-element-pikes-3sixty-brompton
Sepeda Lipat 20 Foldingbike Trex XT-9 DB 7Speeds Cakram New,1450000,1450000,0,5,5,Kab. Bogor,Jawa Barat,https://www.bukalapak.com/p/sepeda/fullbike/sepeda-lipat/4guuons-jual-sepeda-lipat-20-foldingbike-trex-xt-9-db-7speeds-cakram-new
Sepeda Lipat 20 Inch Element Ecosmo BOSQUE,2975000,2975000,0,5,2,Depok,Jawa Barat,https://www.bukalapak.com/p/sepeda/fullbike/sepeda-lipat/3z2po1y-jual-sepeda-lipat-20-inch-element-ecosmo-bosque
Sepeda 20 Lipat Element Police Milan Edisi RANS Raffi Achmad Nagita Salvina,1900000,1900000,0,9,3,Kab. Bogor,Jawa Barat,https://www.bukalapak.com/p/sepeda/fullbike/sepeda-lipat/483yd7w-jual-sepeda-20-lipat-element-police-milan-edisi-rans-raffi-achmad-nagita-salvina
Sepeda Lipat Genio Runes By United 16 Inch,2250000,2250000,0,100,0,Jakarta Timur,DKI Jakarta,https://www.bukalapak.com/p/sepeda/fullbike/sepeda-lipat/488zcx1-jual-sepeda-lipat-genio-runes-by-united-16-inch
Sepeda Lipat 16 Anak & Dewasa Evergreen 7 Speed Discbrake,1100000,1100000,0,3,1,Jakarta Timur,DKI Jakarta,https://www.bukalapak.com/p/sepeda/fullbike/sepeda-lipat/4hba6kj-jual-sepeda-lipat-16-anak-dewasa-evergreen-7-speed-discbrake
Sepeda Lipat Evergreen EG116 Folding FB Remaja-Dewasa 16 Inci Hi-Ten Steel 1Sp V-Brake Folding Bike,965000,965000,0,2,5,Jakarta Timur,DKI Jakarta,https://www.bukalapak.com/p/sepeda/fullbike/sepeda-lipat/zyn02u-jual-sepeda-lipat-evergreen-eg116-folding-fb-remaja-dewasa-16-inci-hi-ten-steel-1sp-v-brake-folding-bike
Sepeda Lipat POLICE TEXAS BIKE TO WORK,2895000,2890000,1,4,26,Jakarta Barat,DKI Jakarta,https://www.bukalapak.com/p/sepeda/fullbike/sepeda-lipat/393uexz-jual-sepeda-lipat-police-texas-bike-to-work
SEPEDA LIPAT POLICE TEXAS 20 INCH,2800000,2795000,1,10,4,Tangerang,Banten,https://www.bukalapak.com/p/sepeda/fullbike/sepeda-lipat/188babr-jual-sepeda-lipat-police-texas-20-inch
Sepeda Lipat 20 Inch Pacific Noris Pro Alloy 8 Speed,5500000,3680000,33,26,4,Jambi,Jambi,https://www.bukalapak.com/p/sepeda/fullbike/sepeda-lipat/3n9piqb-jual-sepeda-lipat-20-inch-pacific-noris-pro-alloy-8-speed
Sepeda Lipat 20 Inch PACIFIC SPLENDID AX VT Alloy 18 Speed NEW 2021,2950000,2950000,0,1,94,Kab. Tangerang,Banten,https://www.bukalapak.com/p/sepeda/fullbike/sepeda-lipat/4h4x3f4-jual-sepeda-lipat-20-inch-pacific-splendid-ax-vt-alloy-18-speed-new-2021
Sepeda Lipat Genio Lunox 1.0 16 inch Boncengan,1675000,1670000,1,7,6,Tangerang,Banten,https://www.bukalapak.com/p/sepeda/fullbike/sepeda-lipat/4cwj3gj-jual-sepeda-lipat-genio-lunox-1-0-16-inch-boncengan
Sepeda 16 Lipat Evergreen  6Speeds,1200000,1195000,1,12,57,Kab. Bogor,Jawa Barat,https://www.bukalapak.com/p/sepeda/fullbike/sepeda-lipat/2e2pdvy-jual-sepeda-16-lipat-evergreen-6speeds
Sepeda lipat london taxi 20 inch,3750000,3745000,1,9,2,Jakarta Timur,DKI Jakarta,https://www.bukalapak.com/p/sepeda/fullbike/sepeda-lipat/3f2m5vs-jual-sepeda-lipat-london-taxi-20-inch
Sepeda lipat 16Inch odessy Phyton 7 speed,1479999,1479999,0,18,2,Jakarta Barat,DKI Jakarta,https://www.bukalapak.com/p/sepeda/fullbike/sepeda-lipat/4g1w7r4-jual-sepeda-lipat-16inch-odessy-phyton-7-speed
Sepeda Lipat 20 FoldingBike Pacific Luxor Alloy 9Speeds Hidrolik Cakram New,3800000,3795000,1,9,1,Kab. Bogor,Jawa Barat,https://www.bukalapak.com/p/sepeda/fullbike/sepeda-lipat/4h6eemy-jual-sepeda-lipat-20-foldingbike-pacific-luxor-alloy-9speeds-hidrolik-cakram-new
Sepeda Lipat 16 Inch PACIFIC 2980 RX 9.0 Hidrolik 9 Speed,2660000,2660000,0,6,36,Kab. Tangerang,Banten,https://www.bukalapak.com/p/sepeda/fullbike/sepeda-lipat/4h4wrza-jual-sepeda-lipat-16-inch-pacific-2980-rx-9-0-hidrolik-9-speed
sepeda lipat 20 merk police Milan black gold 8speed,1890000,1885000,1,20,0,Jakarta Selatan,DKI Jakarta,https://www.bukalapak.com/p/sepeda/fullbike/sepeda-lipat/4h3a4bs-jual-sepeda-lipat-20-merk-police-milan-black-gold-8speed
Sepeda Lipat Seli 20 Exotic 2026AX include Helm dan Rak Botol,1735000,1735000,0,5,0,Jember,Jawa Timur,https://www.bukalapak.com/p/sepeda/fullbike/sepeda-lipat/4fjfz4s-jual-sepeda-lipat-seli-20-exotic-2026ax-include-helm-dan-rak-botol
Sepeda Lipat 20 ELEMENT POLICE TEXAS 8 Speed Edisi Teh Botol Sosro,2550000,2545000,1,20,0,Kab. Bogor,Jawa Barat,https://www.bukalapak.com/p/sepeda/fullbike/sepeda-lipat/45qeexa-jual-sepeda-lipat-20-element-police-texas-8-speed-edisi-teh-botol-sosro
Sepeda Elektrik Lipat TaffSPORT Lankeleisi Elite Vers 48V 10.4AH XT600,56704000,52734800,7,100,0,Jakarta Pusat,DKI Jakarta,https://www.bukalapak.com/p/sepeda/fullbike/sepeda-lipat/4dhe3cd-jual-sepeda-elektrik-lipat-taffsport-lankeleisi-elite-vers-48v-10-4ah-xt600
Sepeda Lipat Element Police Milan 16 349,1890000,1885000,1,3,0,Kediri,Jawa Timur,https://www.bukalapak.com/p/sepeda/fullbike/sepeda-lipat/4h7aihs-jual-sepeda-lipat-element-police-milan-16-349
Sepeda Lipat Element Pikes Gen 2,7725000,7725000,0,5,6,Jakarta Barat,DKI Jakarta,https://www.bukalapak.com/p/sepeda/fullbike/sepeda-lipat/40nvknp-jual-sepeda-lipat-element-pikes-gen-2
SEPEDA LIPAT 20 ODESSY PHYTON,1375000,1370000,1,14,1,Kab. Bogor,Jawa Barat,https://www.bukalapak.com/p/sepeda/fullbike/sepeda-lipat/4gf67h7-jual-sepeda-lipat-20-odessy-phyton
Sepeda 16 Lipat Evergreen 1Speed,1050000,1045000,1,14,60,Kab. Bogor,Jawa Barat,https://www.bukalapak.com/p/sepeda/fullbike/sepeda-lipat/1026q1s-jual-sepeda-16-lipat-evergreen-1speed
SEPEDA LIPAT 20 EVERGREEN BEARING 7 SPEED,1425000,1425000,0,2,24,Kab. Tangerang,Banten,https://www.bukalapak.com/p/sepeda/fullbike/sepeda-lipat/memzkj-jual-sepeda-lipat-20-evergreen-bearing-7-speed
Sepeda Lipat 16 Inch PACIFIC Kodiak 2.0 Hi-Ten Steel 9 Speed Cakram,2880000,2880000,0,1,5,Kab. Tangerang,Banten,https://www.bukalapak.com/p/sepeda/fullbike/sepeda-lipat/4h4x9ym-jual-sepeda-lipat-16-inch-pacific-kodiak-2-0-hi-ten-steel-9-speed-cakram
Sepeda Lipat Seli 20 Exotic Explore 200 include Helm Cover Sadel dan Rak botol,2000000,1995000,1,29,2,Jember,Jawa Timur,https://www.bukalapak.com/p/sepeda/fullbike/sepeda-lipat/4fz4q3a-jual-sepeda-lipat-seli-20-exotic-explore-200-include-helm-cover-sadel-dan-rak-botol
Sepeda lipat 20 inch MCC BIKE sepeda lipat murah,1600000,1600000,0,5,1,Kab. Bekasi,Jawa Barat,https://www.bukalapak.com/p/sepeda/fullbike/sepeda-lipat/4gni8w1-jual-sepeda-lipat-20-inch-mcc-bike-sepeda-lipat-murah
Sepeda Lipat Dewasa Morison 20 Inch Rem Cakram 7 Speed MS 8118 DB,1500000,1500000,0,100,0,Jakarta Timur,DKI Jakarta,https://www.bukalapak.com/p/sepeda/fullbike/sepeda-lipat/3urvuxr-jual-sepeda-lipat-dewasa-morison-20-inch-rem-cakram-7-speed-ms-8118-db
Sepeda lipat 20 inch fastron f2303,1550000,1550000,0,10,0,Jakarta Timur,DKI Jakarta,https://www.bukalapak.com/p/sepeda/fullbike/sepeda-lipat/4hbzq0y-jual-sepeda-lipat-20-inch-fastron-f2303
Sepeda Lipat UNITED NIGMA 5 V 20 Inch Alloy 10 Speed Hidrolik Garansi,3600000,3600000,0,10,12,Kab. Tangerang,Banten,https://www.bukalapak.com/p/sepeda/fullbike/sepeda-lipat/4h4ws2y-jual-sepeda-lipat-united-nigma-5-v-20-inch-alloy-10-speed-hidrolik-garansi
SEPEDA LIPAT 16 UNITED ROAR 2.0 SELI FOLDING BIKE 2,3699000,3699000,0,4,31,Rembang,Jawa Tengah,https://www.bukalapak.com/p/sepeda/fullbike/sepeda-lipat/4co7x5a-jual-sepeda-lipat-16-united-roar-2-0-seli-folding-bike-2
Sepeda Lipat 20 Inch DAHON ION EUGENE frame Alloy 9 Speed Rem Cakram,4108000,4103000,1,3,0,Kab. Tangerang,Banten,https://www.bukalapak.com/p/sepeda/fullbike/sepeda-lipat/4hbjgn1-jual-sepeda-lipat-20-inch-dahon-ion-eugene-frame-alloy-9-speed-rem-cakram
Sepeda Lipat ELEMENT POLICE MILAN 20 Inch Black Gold 8 Speed Garansi,2100000,2100000,0,9,1,Kab. Tangerang,Banten,https://www.bukalapak.com/p/sepeda/fullbike/sepeda-lipat/4h4x8ta-jual-sepeda-lipat-element-police-milan-20-inch-black-gold-8-speed-garansi
sepeda lipat genio runes 1.0 20 inch 8speed sensah rem cakram,2200000,2200000,0,3,0,Jakarta Barat,DKI Jakarta,https://www.bukalapak.com/p/sepeda/fullbike/sepeda-lipat/4hcanqs-jual-sepeda-lipat-genio-runes-1-0-20-inch-8speed-sensah-rem-cakram
Sepeda Lipat element Troy 8 speed New 2022 16 inch - Folding Bike Element New Troy 2022 8 speed,2525000,2525000,0,3,1,Bekasi,Jawa Barat,https://www.bukalapak.com/p/sepeda/fullbike/sepeda-lipat/4h0gnp1-jual-sepeda-lipat-element-troy-8-speed-new-2022-16-inch-folding-bike-element-new-troy-2022-8-speed
Sepeda Lipat PACIFIC SPLENDID 250 20 Inch Shimano 7 Speed Garansi,2550000,2550000,0,5,0,Kab. Tangerang,Banten,https://www.bukalapak.com/p/sepeda/fullbike/sepeda-lipat/4h4xacv-jual-sepeda-lipat-pacific-splendid-250-20-inch-shimano-7-speed-garansi
Sepeda Lipat 16 Inch PACIFIC DART 3.0 Alloy 10 Speed,3950000,3950000,0,5,6,Kab. Tangerang,Banten,https://www.bukalapak.com/p/sepeda/fullbike/sepeda-lipat/4h4x9xa-jual-sepeda-lipat-16-inch-pacific-dart-3-0-alloy-10-speed
Sepeda 20 Lipat Odessy Phyton 2021 7Speeds Cakram New,1500000,1495000,1,15,31,Kab. Bogor,Jawa Barat,https://www.bukalapak.com/p/sepeda/fullbike/sepeda-lipat/4fm0ksy-jual-sepeda-20-lipat-odessy-phyton-2021-7speeds-cakram-new
Sepeda Lipat Element Troy 10 Speed,4175000,4175000,0,7,1,Jakarta Barat,DKI Jakarta,https://www.bukalapak.com/p/sepeda/fullbike/sepeda-lipat/4gxuafs-jual-sepeda-lipat-element-troy-10-speed
Sepeda lipat 16 Element Camp RR Hazy 9Sp Roy Ricardo,3850000,3850000,0,1,0,Jakarta Timur,DKI Jakarta,https://www.bukalapak.com/p/sepeda/fullbike/sepeda-lipat/4haaahd-jual-sepeda-lipat-16-element-camp-rr-hazy-9sp-roy-ricardo
Sepeda Lipat Anak 16 inch Family Kuta Rides Destino,1000000,995000,1,8,2,Tangerang,Banten,https://www.bukalapak.com/p/sepeda/fullbike/sepeda-lipat/4gzp5ip-jual-sepeda-lipat-anak-16-inch-family-kuta-rides-destino
sepeda lipat 20 inch fastron by pacific bike,1650000,1645000,1,9,1,Depok,Jawa Barat,https://www.bukalapak.com/p/sepeda/fullbike/sepeda-lipat/4gdk2mv-jual-sepeda-lipat-20-inch-fastron-by-pacific-bike
sepeda lipat dahon ion chicago 20 inch,3900000,3895000,1,10,0,Depok,Jawa Barat,https://www.bukalapak.com/p/sepeda/fullbike/sepeda-lipat/4gqxk9d-jual-sepeda-lipat-dahon-ion-chicago-20-inch
Sepeda lipat 20 noris 2 2.0,3100000,2850000,8,8,38,Jambi,Jambi,https://www.bukalapak.com/p/sepeda/fullbike/sepeda-lipat/3ie2xn5-jual-sepeda-lipat-20-noris-2-2-0
Sepeda Listrik Lipat Xiaomi Himo Z20 Z16 Foldable Electric Bicycle,7445000,7445000,0,20,25,Jakarta Pusat,DKI Jakarta,https://www.bukalapak.com/p/sepeda/fullbike/sepeda-lipat/3tr6231-jual-sepeda-listrik-lipat-xiaomi-himo-z20-z16-foldable-electric-bicycle
Sepeda Lipat 20 inch Folding Bike Pacific Exotic 2026 MS DB VT,2500000,1795000,28,35,22,Jambi,Jambi,https://www.bukalapak.com/p/sepeda/fullbike/sepeda-lipat/3oaqfzk-jual-sepeda-lipat-20-inch-folding-bike-pacific-exotic-2026-ms-db-vt
Sepeda Lipat Folding 20 Rubick Gyro 8 Speed Bicycle Empire,3250000,1990000,39,71,14,Tasikmalaya,Jawa Barat,https://www.bukalapak.com/p/sepeda/fullbike/sepeda-lipat/3oe12xg-jual-sepeda-lipat-folding-20-rubick-gyro-8-speed-bicycle-empire
Sepeda Anak Sepeda Lipat Atlantis Venus 18 1 Speed Besi,765000,760000,1,8,0,Kab. Bekasi,Jawa Barat,https://www.bukalapak.com/p/sepeda/fullbike/sepeda-lipat/4h6mnzd-jual-sepeda-anak-sepeda-lipat-atlantis-venus-18-1-speed-besi
Lankeleisi Sepeda Elektrik Lipat Smart Moped 48V 10.4AH - G300 White,7000000,6995000,1,60,0,Jakarta Barat,DKI Jakarta,https://www.bukalapak.com/p/sepeda/fullbike/sepeda-lipat/41qtcxv-jual-lankeleisi-sepeda-elektrik-lipat-smart-moped-48v-10-4ah-g300-white
sepeda lipat 20 inch exotic 2026 AR,1850000,1850000,0,20,0,Depok,Jawa Barat,https://www.bukalapak.com/p/sepeda/fullbike/sepeda-lipat/4gklm74-jual-sepeda-lipat-20-inch-exotic-2026-ar
Sepeda Lipat Genio F371 20 inch,1475000,1475000,0,5,0,Jombang,Jawa Timur,https://www.bukalapak.com/p/sepeda/fullbike/sepeda-lipat/4gxrj64-jual-sepeda-lipat-genio-f371-20-inch
Sepeda Lipat Seli 20 Atlantis Crosby 7 speed,1400000,1400000,0,2,0,Jember,Jawa Timur,https://www.bukalapak.com/p/sepeda/fullbike/sepeda-lipat/4g7aafa-jual-sepeda-lipat-seli-20-atlantis-crosby-7-speed
sepeda lipat dahon ion eugene 20inch 9 speed new in box-original,3900000,3895000,1,10,0,Solo,Jawa Tengah,https://www.bukalapak.com/p/sepeda/fullbike/sepeda-lipat/4h66zza-jual-sepeda-lipat-dahon-ion-eugene-20inch-9-speed-new-in-box-original
sepeda lipat urbano 3,4200000,4200000,0,3,0,Kab. Probolinggo,Jawa Timur,https://www.bukalapak.com/p/sepeda/fullbike/sepeda-lipat/2mjyr2y-jual-sepeda-lipat-urbano-3
Sepeda Lipat 20 inch Exotic ET2026 AR Free Helm,1750000,1750000,0,5,0,Karawang,Jawa Barat,https://www.bukalapak.com/p/sepeda/fullbike/sepeda-lipat/4fq6aam-jual-sepeda-lipat-20-inch-exotic-et2026-ar-free-helm
Sepeda Lipat Genio Lunox Ukuran 16 inch by United Bike,1650000,1650000,0,8,0,Kab. Bekasi,Jawa Barat,https://www.bukalapak.com/p/sepeda/fullbike/sepeda-lipat/4hbdggp-jual-sepeda-lipat-genio-lunox-ukuran-16-inch-by-united-bike
SEPEDA LIPAT 16 ELEMENT TROY 8 SPEED 2021 SELI FOLDING BIKE,2550000,2550000,0,9,37,Rembang,Jawa Tengah,https://www.bukalapak.com/p/sepeda/fullbike/sepeda-lipat/46lr7co-jual-sepeda-lipat-16-element-troy-8-speed-2021-seli-folding-bike
SEPEDA 16 LIPAT GENIO LUNOX 7 SPEED REM CAKRAM,1750000,1750000,0,20,3,Kab. Bogor,Jawa Barat,https://www.bukalapak.com/p/sepeda/fullbike/sepeda-lipat/4env9aa-jual-sepeda-16-lipat-genio-lunox-7-speed-rem-cakram
Folding bikes Element Police Milan 16 inch 8 speed sepeda lipat seli,1899000,1899000,0,3,2,Bandung,Jawa Barat,https://www.bukalapak.com/p/sepeda/fullbike/sepeda-lipat/4h5ghbm-jual-folding-bikes-element-police-milan-16-inch-8-speed-sepeda-lipat-seli
Sepeda Lipat Anak Genio Lunox 1.0 16 Inch By United,1850000,1850000,0,1000,0,Jakarta Timur,DKI Jakarta,https://www.bukalapak.com/p/sepeda/fullbike/sepeda-lipat/4fwu90v-jual-sepeda-lipat-anak-genio-lunox-1-0-16-inch-by-united
Sepeda Lipat Exotic Explore 100 16 inch By pacific bike - Seli exotic Explore 100 16,1850000,1845000,1,2,0,Bekasi,Jawa Barat,https://www.bukalapak.com/p/sepeda/fullbike/sepeda-lipat/4h4g9es-jual-sepeda-lipat-exotic-explore-100-16-inch-by-pacific-bike-seli-exotic-explore-100-16
Sepeda Lipat 20 451 Element Ecosmo Z8 Terbaru E Cosmo Z 2 x 8 Speed - Seli 20 plus 22 Z8 2x8 Speed 2x8sp Double Dual Hydrolik Murah Not Police B2W,3375000,3375000,0,3,0,Yogyakarta,Daerah Istimewa Yogyakarta,https://www.bukalapak.com/p/sepeda/fullbike/sepeda-lipat/4gwfotm-jual-sepeda-lipat-20-451-element-ecosmo-z8-terbaru-e-cosmo-z-2-x-8-speed-seli-20-plus-22-z8-2x8-speed-2x8sp-double-dual-hydrolik-murah-not-police-b2w
Sepeda Lipet Genio F371 uk 20 inch 7speed F-371 F 371,1500000,1500000,0,9,0,Tangerang,Banten,https://www.bukalapak.com/p/sepeda/fullbike/sepeda-lipat/4gx7o8g-jual-sepeda-lipet-genio-f371-uk-20-inch-7speed-f-371-f-371
Sepeda Lipat 20 Inch PACIFIC 2980 RX 2.0 Boncengan Shimano 7 Speed,2110000,2110000,0,5,1,Kab. Tangerang,Banten,https://www.bukalapak.com/p/sepeda/fullbike/sepeda-lipat/4h4xaip-jual-sepeda-lipat-20-inch-pacific-2980-rx-2-0-boncengan-shimano-7-speed
Sepeda lipat foldx 8,2250000,2250000,0,4,0,Jakarta Timur,DKI Jakarta,https://www.bukalapak.com/p/sepeda/fullbike/sepeda-lipat/4h1ey4j-jual-sepeda-lipat-foldx-8
SEPEDA LIPAT DAHON DENVER 20 INCH ALLOY,5500000,5500000,0,5,0,Bantul,Daerah Istimewa Yogyakarta,https://www.bukalapak.com/p/sepeda/fullbike/sepeda-lipat/4hc806d-jual-sepeda-lipat-dahon-denver-20-inch-alloy
SEPEDA LIPAT FOLDING BIKE CAMP HAZY RR 9 SPEED CAMP BIKE COLLABORATION ROY RICARDO SPESIAL EDITION,8500000,8500000,0,4,0,Semarang,Jawa Tengah,https://www.bukalapak.com/p/sepeda/fullbike/sepeda-lipat/40n99bk-jual-sepeda-lipat-folding-bike-camp-hazy-rr-9-speed-camp-bike-collaboration-roy-ricardo-spesial-edition
Sepeda Lipat 16 Inch PACIFIC Flux 7.0 10 Speed Hidrolik,2755000,2755000,0,6,65,Kab. Tangerang,Banten,https://www.bukalapak.com/p/sepeda/fullbike/sepeda-lipat/4h4x9nj-jual-sepeda-lipat-16-inch-pacific-flux-7-0-10-speed-hidrolik
Sepeda Lipat 20 Odessy Phyton 2021 7 Speed  Cakram Disc Brake Murah - Seli Sepeda Anak Dewasa OD36 OD 36 Odesy Oddesy Piton Pyton Python Sepeda Murah,1400000,1400000,0,20,0,Yogyakarta,Daerah Istimewa Yogyakarta,https://www.bukalapak.com/p/sepeda/fullbike/sepeda-lipat/4gry7kp-jual-sepeda-lipat-20-odessy-phyton-2021-7-speed-cakram-disc-brake-murah-seli-sepeda-anak-dewasa-od36-od-36-odesy-oddesy-piton-pyton-python-sepeda-murah
SEPEDA LIPAT 20 ELEMENT POLICE TEXAS NEW 2022 1 x 8 SPEED HYDRAULIC DISC BRAKE,2235000,2230000,1,2,0,Denpasar,Bali,https://www.bukalapak.com/p/sepeda/fullbike/sepeda-lipat/4gnbcbj-jual-sepeda-lipat-20-element-police-texas-new-2022-1-x-8-speed-hydraulic-disc-brake
Sepeda Lipat 20 inch ELEMENT Foldx 8 Speed 451,2000000,2000000,0,3,0,Karawang,Jawa Barat,https://www.bukalapak.com/p/sepeda/fullbike/sepeda-lipat/4h3caam-jual-sepeda-lipat-20-inch-element-foldx-8-speed-451
Sepeda Lipat 20 Inch EVERBEST EB 902 Boncengan Rem Cakram V Brake 7 Speed,1380000,1380000,0,29,1,Jambi,Jambi,https://www.bukalapak.com/p/sepeda/fullbike/sepeda-lipat/4gsjyav-jual-sepeda-lipat-20-inch-everbest-eb-902-boncengan-rem-cakram-v-brake-7-speed
Sepeda Lipat 20 Inch United STYLO BEAT,2350000,2350000,0,15,0,Depok,Jawa Barat,https://www.bukalapak.com/p/sepeda/fullbike/sepeda-lipat/44b6pb9-jual-sepeda-lipat-20-inch-united-stylo-beat
Lankeleisi Sepeda Elektrik Lipat Luxury Editon G660,8900000,8900000,0,4,59,Tangerang,Banten,https://www.bukalapak.com/p/sepeda/fullbike/sepeda-lipat/3qmrz3l-jual-lankeleisi-sepeda-elektrik-lipat-luxury-editon-g660
Sepeda Lipat Anak 16 Inch Evergreen 1 Speed Murah,950000,950000,0,30,37,Kab. Bekasi,Jawa Barat,https://www.bukalapak.com/p/sepeda/fullbike/sepeda-lipat/4gv7ohj-jual-sepeda-lipat-anak-16-inch-evergreen-1-speed-murah
Sepeda Lipat - Sepeda Police Milan,2100000,2100000,0,4,59,Bekasi,Jawa Barat,https://www.bukalapak.com/p/sepeda/fullbike/sepeda-lipat/l1h82s-jual-sepeda-lipat-sepeda-police-milan
SEPEDA LIPAT 20 GENIO RUNES 1.0,2250000,2250000,0,10,0,Kab. Bogor,Jawa Barat,https://www.bukalapak.com/p/sepeda/fullbike/sepeda-lipat/4gsckvd-jual-sepeda-lipat-20-genio-runes-1-0
SEPEDA LIPAT ELEMENT POLICE TEXAS 8SPEED plus 20 INCH,2600000,2600000,0,3,0,Jakarta Barat,DKI Jakarta,https://www.bukalapak.com/p/sepeda/fullbike/sepeda-lipat/3xqtz71-jual-sepeda-lipat-element-police-texas-8speed-plus-20-inch
Sepeda lipat avand chester 8,2150000,2150000,0,5,0,Jakarta Timur,DKI Jakarta,https://www.bukalapak.com/p/sepeda/fullbike/sepeda-lipat/4hbjdas-jual-sepeda-lipat-avand-chester-8
Sepeda Lipat BNB Chris 7 Speed 20 Inch Cakram,1799000,1650000,8,98,1,Jakarta Timur,DKI Jakarta,https://www.bukalapak.com/p/sepeda/fullbike/sepeda-lipat/3rwgkqh-jual-sepeda-lipat-bnb-chris-7-speed-20-inch-cakram
sepeda lipat 20 Inch Pacific skull 3.0 alloy rem hydraulic hidrolik Folding bike,3200000,2750000,14,26,54,Jambi,Jambi,https://www.bukalapak.com/p/sepeda/fullbike/sepeda-lipat/483wu5e-jual-sepeda-lipat-20-inch-pacific-skull-3-0-alloy-rem-hydraulic-hidrolik-folding-bike
Sepeda Lipat AVAND Chester VIII,2199000,2199000,0,5,0,Jakarta Barat,DKI Jakarta,https://www.bukalapak.com/p/sepeda/fullbike/sepeda-lipat/3gb2nwy-jual-sepeda-lipat-avand-chester-viii
Sepeda Lipat Seli 16 Element Troy 10 Speed New Terbaru,3950000,3950000,0,100,0,Jember,Jawa Timur,https://www.bukalapak.com/p/sepeda/fullbike/sepeda-lipat/4gu2x9v-jual-sepeda-lipat-seli-16-element-troy-10-speed-new-terbaru
Sepeda Lipat Element Pikes GEN 2 CJ Chicco Jerikho series 6 speed,10350000,10350000,0,4,1,Kab. Bekasi,Jawa Barat,https://www.bukalapak.com/p/sepeda/fullbike/sepeda-lipat/4erhqpd-jual-sepeda-lipat-element-pikes-gen-2-cj-chicco-jerikho-series-6-speed
Sepeda Lipat Seli 20 Element Ecosmo 7 speed Hydraulic Alloy Disc Brake,2328000,2328000,0,5,0,Jember,Jawa Timur,https://www.bukalapak.com/p/sepeda/fullbike/sepeda-lipat/4h72jqv-jual-sepeda-lipat-seli-20-element-ecosmo-7-speed-hydraulic-alloy-disc-brake
Sepeda lipat 16 inch Police Milan 8 speed New Design by Element Bike,1845000,1845000,0,5,1,Kab. Tangerang,Banten,https://www.bukalapak.com/p/sepeda/fullbike/sepeda-lipat/4gck8cp-jual-sepeda-lipat-16-inch-police-milan-8-speed-new-design-by-element-bike
Sepeda Lipat Seli 16 Genio Lunox 7 Speed,1675000,1675000,0,8,2,Jember,Jawa Timur,https://www.bukalapak.com/p/sepeda/fullbike/sepeda-lipat/4fh5oh1-jual-sepeda-lipat-seli-16-genio-lunox-7-speed
Sepeda lipat pacific kodiak E,3499000,3499000,0,3,1,Kediri,Jawa Timur,https://www.bukalapak.com/p/sepeda/fullbike/sepeda-lipat/3s3b4zw-jual-sepeda-lipat-pacific-kodiak-e
Sepeda Lipat 20 FoldingBike Genio F371 7Speeds Cakram New Product,1600000,1595000,1,6,4,Kab. Bogor,Jawa Barat,https://www.bukalapak.com/p/sepeda/fullbike/sepeda-lipat/4gx9bbg-jual-sepeda-lipat-20-foldingbike-genio-f371-7speeds-cakram-new-product
Sepeda Lipat Seli 20 Dahon Ion Eugene 9 speed,3920000,3915000,1,9,1,Jember,Jawa Timur,https://www.bukalapak.com/p/sepeda/fullbike/sepeda-lipat/4h4wen1-jual-sepeda-lipat-seli-20-dahon-ion-eugene-9-speed
Sepeda Lipat 20 Genio Vesta Dapat Tas dan Helm,2550000,2550000,0,4,0,Lamongan,Jawa Timur,https://www.bukalapak.com/p/sepeda/fullbike/sepeda-lipat/4fima7v-jual-sepeda-lipat-20-genio-vesta-dapat-tas-dan-helm
Airwalk Expresso Sepeda MTB Lipat 20 Inci 7 Speed,2369000,2369000,0,21,0,Jakarta Barat,DKI Jakarta,https://www.bukalapak.com/p/sepeda/fullbike/sepeda-lipat/4efbk8d-jual-airwalk-expresso-sepeda-mtb-lipat-20-inci-7-speed
Sepeda Lipat Seli 16 Element Troy 9 Speed,3840000,3840000,0,100,2,Jember,Jawa Timur,https://www.bukalapak.com/p/sepeda/fullbike/sepeda-lipat/4fow3dp-jual-sepeda-lipat-seli-16-element-troy-9-speed
Sepeda lipat 20 Pacific Splendid 500,3000000,3000000,0,5,0,Jombang,Jawa Timur,https://www.bukalapak.com/p/sepeda/fullbike/sepeda-lipat/4fmq0t7-jual-sepeda-lipat-20-pacific-splendid-500
Sepeda Lipat 20 Inch EXOTIC EXPLORE 200 Alloy 9 Speed Hidrolik Bonus,2000000,2000000,0,10,17,Kab. Tangerang,Banten,https://www.bukalapak.com/p/sepeda/fullbike/sepeda-lipat/4h4x3bs-jual-sepeda-lipat-20-inch-exotic-explore-200-alloy-9-speed-hidrolik-bonus
Sepeda Lipat Exotic Cartridge Bearing Remaja-Dewasa 20 Inci 7Sp 2026MX,1850000,1850000,0,8,16,Depok,Jawa Barat,https://www.bukalapak.com/p/sepeda/fullbike/sepeda-lipat/1pvcngn-jual-sepeda-lipat-exotic-cartridge-bearing-remaja-dewasa-20-inci-7sp-2026mx
TERBARU 2021 Sepeda Lipat 16 Inch PACIFIC NORIS 1.0 VT Alloy 7 Speed,2400000,2400000,0,3,6,Kab. Tangerang,Banten,https://www.bukalapak.com/p/sepeda/fullbike/sepeda-lipat/4h4x8ty-jual-terbaru-2021-sepeda-lipat-16-inch-pacific-noris-1-0-vt-alloy-7-speed
Sepeda Lipat PACIFIC NORIS PRO X 20 Inch Alloy 8 Speed Hidrolik,3700000,3700000,0,4,1,Kab. Tangerang,Banten,https://www.bukalapak.com/p/sepeda/fullbike/sepeda-lipat/4h4wvps-jual-sepeda-lipat-pacific-noris-pro-x-20-inch-alloy-8-speed-hidrolik
Sepeda Lipat 20 plus United Mirone Pro 10 speed Hidraulic seli 22,5600000,5600000,0,3,0,Jember,Jawa Timur,https://www.bukalapak.com/p/sepeda/fullbike/sepeda-lipat/4gbb65s-jual-sepeda-lipat-20-plus-united-mirone-pro-10-speed-hidraulic-seli-22
Sepeda Lipat 16 Police Milan,1890000,1890000,0,2,0,Jakarta Timur,DKI Jakarta,https://www.bukalapak.com/p/sepeda/fullbike/sepeda-lipat/4hb2aj1-jual-sepeda-lipat-16-police-milan
sepeda lipat 20 police texas new,2700000,2700000,0,2,2,Jakarta Barat,DKI Jakarta,https://www.bukalapak.com/p/sepeda/fullbike/sepeda-lipat/38dsnoy-jual-sepeda-lipat-20-police-texas-new
Sepeda Lipat Gunung 26Inch Folding MTB Mountain Bike,2999000,2799999,7,19,0,Jakarta Barat,DKI Jakarta,https://www.bukalapak.com/p/sepeda/fullbike/sepeda-lipat/4eif2zv-jual-sepeda-lipat-gunung-26inch-folding-mtb-mountain-bike
sepeda lipat merk pacific Splendid AX ukuran 20 in,2900000,2900000,0,10,0,Jakarta Selatan,DKI Jakarta,https://www.bukalapak.com/p/sepeda/fullbike/sepeda-lipat/4h2txap-jual-sepeda-lipat-merk-pacific-splendid-ax-ukuran-20-in
SEPEDA LIPAT 20 FASTRON F - 2302 By Pacific SELI FOLDING BIKE,1649000,1649000,0,10,0,Rembang,Jawa Tengah,https://www.bukalapak.com/p/sepeda/fullbike/sepeda-lipat/4gah3mp-jual-sepeda-lipat-20-fastron-f-2302-by-pacific-seli-folding-bike
Sepeda Lipat UNITED Mirone PRO,5750000,5750000,0,5,7,Jakarta Barat,DKI Jakarta,https://www.bukalapak.com/p/sepeda/fullbike/sepeda-lipat/4c74itj-jual-sepeda-lipat-united-mirone-pro
Sepeda Lipat PACIFIC SPLENDID 200 20 Inch 8 Speed Rem Cakram Garansi,2300000,2300000,0,10,0,Kab. Tangerang,Banten,https://www.bukalapak.com/p/sepeda/fullbike/sepeda-lipat/4h4ws2m-jual-sepeda-lipat-pacific-splendid-200-20-inch-8-speed-rem-cakram-garansi
Sepeda Lipat Pacific Bike Noris 2.3 Alloy 20 inch Seli Black Rainbow Grey Yellow Folding United Stylo Splendid Pikes Dahon Ecosmo Foldx Pro Element Exotic,8000000,2845000,64,71,19,Jakarta Barat,DKI Jakarta,https://www.bukalapak.com/p/sepeda/fullbike/sepeda-lipat/3ngd7ug-jual-sepeda-lipat-pacific-bike-noris-2-3-alloy-20-inch-seli-black-rainbow-grey-yellow-folding-united-stylo-splendid-pikes-dahon-ecosmo-foldx-pro-element-exotic
sepeda lipat anak dan dewasa ukuran 16 merk kouan 1speed,1050000,1050000,0,20,0,Jakarta Selatan,DKI Jakarta,https://www.bukalapak.com/p/sepeda/fullbike/sepeda-lipat/4hayq0j-jual-sepeda-lipat-anak-dan-dewasa-ukuran-16-merk-kouan-1speed
Sepeda Lipat - Sepeda Pacific 2980 RX 9,2850000,2850000,0,1,0,Bekasi,Jawa Barat,https://www.bukalapak.com/p/sepeda/fullbike/sepeda-lipat/2dujued-jual-sepeda-lipat-sepeda-pacific-2980-rx-9
Sepeda Lipat Pacific Splendid DX 20inch,2900000,2900000,0,15,0,Medan,Sumatera Utara,https://www.bukalapak.com/p/sepeda/fullbike/sepeda-lipat/4gxgov4-jual-sepeda-lipat-pacific-splendid-dx-20inch
sepeda lipat 20 inch element ecosmo Z8,3375000,3375000,0,14,1,Depok,Jawa Barat,https://www.bukalapak.com/p/sepeda/fullbike/sepeda-lipat/4ghiisy-jual-sepeda-lipat-20-inch-element-ecosmo-z8
Sepeda Folding Lipat 16 Police Milan,1800000,1800000,0,10,0,Kab. Bekasi,Jawa Barat,https://www.bukalapak.com/p/sepeda/fullbike/sepeda-lipat/4gat757-jual-sepeda-folding-lipat-16-police-milan
Sepeda Lipat United Genio Lunox Seli Termurah Bukan Pacific Noris Alloy Seli Folding Stylo Splendid Pikes Dahon Ecosmo Element Exotic Paling Murah,2250000,1850000,18,187,16,Jakarta Barat,DKI Jakarta,https://www.bukalapak.com/p/sepeda/fullbike/sepeda-lipat/3ws6yai-jual-sepeda-lipat-united-genio-lunox-seli-termurah-bukan-pacific-noris-alloy-seli-folding-stylo-splendid-pikes-dahon-ecosmo-element-exotic-paling-murah
United Stylo DB Sport Sepeda Lipat 16 Inchi,2370000,2370000,0,10,0,Bekasi,Jawa Barat,https://www.bukalapak.com/p/sepeda/fullbike/sepeda-lipat/4gkeibd-jual-united-stylo-db-sport-sepeda-lipat-16-inchi
Sepeda Lipat Odessy OD-LP1633 Rodeo 2.0 1Sp-VB 16 Inch x 1.75 Inch Hi-Ten Steel Single Speed V-Brake Folding Bike Remaja-Dewasa,985000,985000,0,2,0,Jakarta Timur,DKI Jakarta,https://www.bukalapak.com/p/sepeda/fullbike/sepeda-lipat/4h70owm-jual-sepeda-lipat-odessy-od-lp1633-rodeo-2-0-1sp-vb-16-inch-x-1-75-inch-hi-ten-steel-single-speed-v-brake-folding-bike-remaja-dewasa
Sepeda Lipat Element Police Texas B2W new stem ION adjustable,2800000,2800000,0,5,0,Kediri,Jawa Timur,https://www.bukalapak.com/p/sepeda/fullbike/sepeda-lipat/4h2usey-jual-sepeda-lipat-element-police-texas-b2w-new-stem-ion-adjustable
Sepeda 20 Lipat Genio F211 by Unitedbike,1500000,1500000,0,10,0,Kab. Bogor,Jawa Barat,https://www.bukalapak.com/p/sepeda/fullbike/sepeda-lipat/4h6p644-jual-sepeda-20-lipat-genio-f211-by-unitedbike
Sepeda Lipat Dewasa Sepeda Lipat Folding Bike Alloy 8 Speed,2670000,2216100,17,10,0,Jakarta Barat,DKI Jakarta,https://www.bukalapak.com/p/sepeda/fullbike/sepeda-lipat/3e4qn6y-jual-sepeda-lipat-dewasa-sepeda-lipat-folding-bike-alloy-8-speed
Police Milan Sepeda Lipat 20 Inci,2125000,2125000,0,7,1,Bekasi,Jawa Barat,https://www.bukalapak.com/p/sepeda/fullbike/sepeda-lipat/4h215mv-jual-police-milan-sepeda-lipat-20-inci
Sepeda Lipat 20 Inc UNITED ORION VOL 2 Shimano 105 2x11 Speed Hidrolik,6500000,6500000,0,5,0,Kab. Tangerang,Banten,https://www.bukalapak.com/p/sepeda/fullbike/sepeda-lipat/4h4ws7j-jual-sepeda-lipat-20-inc-united-orion-vol-2-shimano-105-2x11-speed-hidrolik
Sepeda Lipat Pacific Flux 3.5 16 Plus 8 Speed Free Tas & Cover Sadel,2500000,2500000,0,24,7,Tangerang Selatan,Banten,https://www.bukalapak.com/p/sepeda/fullbike/sepeda-lipat/4durg7d-jual-sepeda-lipat-pacific-flux-3-5-16-plus-8-speed-free-tas-cover-sadel
Sepeda 20 Lipat Element Texas B2W 2020,2850000,2845000,1,10,4,Kab. Bogor,Jawa Barat,https://www.bukalapak.com/p/sepeda/fullbike/sepeda-lipat/39wpmaq-jual-sepeda-20-lipat-element-texas-b2w-2020
sepeda lipat 16 element police milan,1890000,1890000,0,10,0,Depok,Jawa Barat,https://www.bukalapak.com/p/sepeda/fullbike/sepeda-lipat/4gdd0xv-jual-sepeda-lipat-16-element-police-milan
Sepeda Lipat Folding Bike Police Texas 20 Alloy NEW DESIGN 2019,3000000,3000000,0,2,22,Kab. Bekasi,Jawa Barat,https://www.bukalapak.com/p/sepeda/fullbike/sepeda-lipat/22dx2o7-jual-sepeda-lipat-folding-bike-police-texas-20-alloy-new-design-2019
Sepeda Lipat Seli 16 Genio Runes 8 Speed New,2200000,2200000,0,3,0,Jember,Jawa Timur,https://www.bukalapak.com/p/sepeda/fullbike/sepeda-lipat/4gwnmny-jual-sepeda-lipat-seli-16-genio-runes-8-speed-new
Sepeda Lipat CAMP HAZY 9S RR,3895000,3890000,1,6,12,Jakarta Barat,DKI Jakarta,https://www.bukalapak.com/p/sepeda/fullbike/sepeda-lipat/3588d8d-jual-sepeda-lipat-camp-hazy-9s-rr
sepeda lipat fullbike Rubick New Gyro 20 9 speed not sepeda lipat pacific dahon,1950000,1950000,0,5,1,Depok,Jawa Barat,https://www.bukalapak.com/p/sepeda/fullbike/sepeda-lipat/3wh59hi-jual-sepeda-lipat-fullbike-rubick-new-gyro-20-9-speed-not-sepeda-lipat-pacific-dahon
Element FoldX 8 Sepeda Lipat 20 Inci,2000000,2000000,0,15,0,Bekasi,Jawa Barat,https://www.bukalapak.com/p/sepeda/fullbike/sepeda-lipat/4gz8224-jual-element-foldx-8-sepeda-lipat-20-inci
Sepeda Lipat Camp SNOKE IKO UWAIS,6000000,6000000,0,3,2,Jakarta Barat,DKI Jakarta,https://www.bukalapak.com/p/sepeda/fullbike/sepeda-lipat/3x2hj8h-jual-sepeda-lipat-camp-snoke-iko-uwais
GROSIR Sepeda Lipat Lankeleisi Sepeda Elektrik 48V 10.4AH XT600 elite,7790000,7790000,0,88,1,Jakarta Barat,DKI Jakarta,https://www.bukalapak.com/p/sepeda/fullbike/sepeda-lipat/4bjgyav-jual-grosir-sepeda-lipat-lankeleisi-sepeda-elektrik-48v-10-4ah-xt600-elite
Sepeda Lipat 16 Element Troy 8 speed New,2500000,2495000,1,10,0,Jember,Jawa Timur,https://www.bukalapak.com/p/sepeda/fullbike/sepeda-lipat/4h1ov5j-jual-sepeda-lipat-16-element-troy-8-speed-new
Sepeda Lipat 16 Evergreen Maximus 9 Speed Hidraulic Seli Not Elemenr Troy,3000000,3000000,0,43,4,Jember,Jawa Timur,https://www.bukalapak.com/p/sepeda/fullbike/sepeda-lipat/3n99qpa-jual-sepeda-lipat-16-evergreen-maximus-9-speed-hidraulic-seli-not-elemenr-troy
Sepeda Lipat Tiga Trifold Pro Action Parrot Mirip Brompton Internal Gear 3 Speed,4500000,4500000,0,10,5,Tangerang Selatan,Banten,https://www.bukalapak.com/p/sepeda/fullbike/sepeda-lipat/4fi2c77-jual-sepeda-lipat-tiga-trifold-pro-action-parrot-mirip-brompton-internal-gear-3-speed
Sepeda Lipat 20 Inch GENIO VESTA 1.0 Alloy 8 Speed BY UNITED FREE BAG,2700000,2450000,9,6,29,Kab. Tangerang,Banten,https://www.bukalapak.com/p/sepeda/fullbike/sepeda-lipat/4h4x9jy-jual-sepeda-lipat-20-inch-genio-vesta-1-0-alloy-8-speed-by-united-free-bag
Sepeda Lipat Camp Hazy 11speed,8000000,8000000,0,4,1,Jakarta Barat,DKI Jakarta,https://www.bukalapak.com/p/sepeda/fullbike/sepeda-lipat/4crdrim-jual-sepeda-lipat-camp-hazy-11speed
SEPEDA LIPAT 20 EXOTIC 2026 SL VT DISC BRAKE 7 SPEED,1850000,1850000,0,5,0,Denpasar,Bali,https://www.bukalapak.com/p/sepeda/fullbike/sepeda-lipat/4feiqc4-jual-sepeda-lipat-20-exotic-2026-sl-vt-disc-brake-7-speed
Sepeda lipat Seli 20 Element Nicks 10 speed,3970000,3970000,0,10,0,Jember,Jawa Timur,https://www.bukalapak.com/p/sepeda/fullbike/sepeda-lipat/4gxgdfa-jual-sepeda-lipat-seli-20-element-nicks-10-speed
SEPEDA LIPAT 16 PACIFIC DART 5.0 SELI FOLDING BIKE 5,6099000,6099000,0,2,42,Rembang,Jawa Tengah,https://www.bukalapak.com/p/sepeda/fullbike/sepeda-lipat/3z2kj3w-jual-sepeda-lipat-16-pacific-dart-5-0-seli-folding-bike-5
Sepeda Lipat 16 Pacific Dart 3.0 mirip Troy Camp Hazy,4000000,3850000,4,8,35,Jambi,Jambi,https://www.bukalapak.com/p/sepeda/fullbike/sepeda-lipat/3pzxb6y-jual-sepeda-lipat-16-pacific-dart-3-0-mirip-troy-camp-hazy
Sepeda 16 Lipat Pacific KODIAK L,2750000,2750000,0,5,0,Lamongan,Jawa Timur,https://www.bukalapak.com/p/sepeda/fullbike/sepeda-lipat/4h31gup-jual-sepeda-16-lipat-pacific-kodiak-l
Sepeda Lipat 16 Inch VIVA TWIST MISTY V 2.0 Boncengan 7 Speed Cakram,1650000,1650000,0,5,1,Kab. Tangerang,Banten,https://www.bukalapak.com/p/sepeda/fullbike/sepeda-lipat/4h4wubj-jual-sepeda-lipat-16-inch-viva-twist-misty-v-2-0-boncengan-7-speed-cakram
Sepeda Lipat 16 inch Genio Runes 1.0 Folding bike Chromoly 8 speed seli Cakram by United,2350000,2250000,4,45,22,Jambi,Jambi,https://www.bukalapak.com/p/sepeda/fullbike/sepeda-lipat/3tksq78-jual-sepeda-lipat-16-inch-genio-runes-1-0-folding-bike-chromoly-8-speed-seli-cakram-by-united
LIPAT 20 POLYGON URBANO 3 - NEW POLYGON URBANO 3 2021 - SELI - SEPEDA LIPAT POLYGON BUKAN ELEMENT PACIFIC,4200000,4200000,0,100,0,Kab. Magelang,Jawa Tengah,https://www.bukalapak.com/p/sepeda/fullbike/sepeda-lipat/4f78uha-jual-lipat-20-polygon-urbano-3-new-polygon-urbano-3-2021-seli-sepeda-lipat-polygon-bukan-element-pacific
sepeda lipat genio runes 1.0 16 inch 8speed sensah rem cakram,2150000,2150000,0,3,1,Jakarta Barat,DKI Jakarta,https://www.bukalapak.com/p/sepeda/fullbike/sepeda-lipat/48e9hvx-jual-sepeda-lipat-genio-runes-1-0-16-inch-8speed-sensah-rem-cakram
Sepeda Lipat Element Troy X8,2595000,2590000,1,4,8,Jakarta Barat,DKI Jakarta,https://www.bukalapak.com/p/sepeda/fullbike/sepeda-lipat/46qm0jy-jual-sepeda-lipat-element-troy-x8
SEPEDA LIPAT 16 FAMILY KUTA RIDES DESTINO TERMURAH,1099000,1099000,0,5,4,Rembang,Jawa Tengah,https://www.bukalapak.com/p/sepeda/fullbike/sepeda-lipat/49wczp9-jual-sepeda-lipat-16-family-kuta-rides-destino-termurah
Sepeda lipat dahon ion chicago 8 speed,3900000,3900000,0,4,0,Jakarta Timur,DKI Jakarta,https://www.bukalapak.com/p/sepeda/fullbike/sepeda-lipat/4gqv7bg-jual-sepeda-lipat-dahon-ion-chicago-8-speed
Sepeda Lipat 20 Foldx Eight 8 Element Bike,2350000,2350000,0,2,0,Jakarta Timur,DKI Jakarta,https://www.bukalapak.com/p/sepeda/fullbike/sepeda-lipat/4h0wify-jual-sepeda-lipat-20-foldx-eight-8-element-bike
Sepeda Lipat Element Foldx Lite Damn I love Indonesia,6300000,6300000,0,3,0,Kab. Bekasi,Jawa Barat,https://www.bukalapak.com/p/sepeda/fullbike/sepeda-lipat/3r5h5mi-jual-sepeda-lipat-element-foldx-lite-damn-i-love-indonesia
sepeda lipat 16 camp hazy 9 speed discbrake - seli folding bike camp by element not xlite ringan banget not fnhon dahon litepro,7100000,7100000,0,2,0,Yogyakarta,Daerah Istimewa Yogyakarta,https://www.bukalapak.com/p/sepeda/fullbike/sepeda-lipat/4f06kzp-jual-sepeda-lipat-16-camp-hazy-9-speed-discbrake-seli-folding-bike-camp-by-element-not-xlite-ringan-banget-not-fnhon-dahon-litepro
Sepeda Lipat 16 Mini Atlantis Venus,845000,845000,0,3,0,Jakarta Timur,DKI Jakarta,https://www.bukalapak.com/p/sepeda/fullbike/sepeda-lipat/4h9g0xj-jual-sepeda-lipat-16-mini-atlantis-venus
Sepeda Lipat 20 Element FOLDX 8 speed hidraulik discbrake,2000000,1995000,1,10,0,Jember,Jawa Timur,https://www.bukalapak.com/p/sepeda/fullbike/sepeda-lipat/4h0dlsa-jual-sepeda-lipat-20-element-foldx-8-speed-hidraulik-discbrake
Sepeda Lipat 20 - Dahon Ion Denver 10 speed Shimano Tiagra,10200000,10200000,0,2,0,Malang,Jawa Timur,https://www.bukalapak.com/p/sepeda/fullbike/sepeda-lipat/4gwytpa-jual-sepeda-lipat-20-dahon-ion-denver-10-speed-shimano-tiagra
Sepeda Lipat - Sepeda United Mirone Pro,5800000,5800000,0,1,43,Bekasi,Jawa Barat,https://www.bukalapak.com/p/sepeda/fullbike/sepeda-lipat/33gal8n-jual-sepeda-lipat-sepeda-united-mirone-pro
Sepeda Lipat Police 20 inch Milan,1890000,1890000,0,5,1,Jakarta Timur,DKI Jakarta,https://www.bukalapak.com/p/sepeda/fullbike/sepeda-lipat/4gzy8lj-jual-sepeda-lipat-police-20-inch-milan
Sepeda Lipat ELEMENT CLIP 20 Inch 451 22 Inch 10 Speed Chromoly,3600000,3600000,0,7,3,Kab. Tangerang,Banten,https://www.bukalapak.com/p/sepeda/fullbike/sepeda-lipat/4h4ws1v-jual-sepeda-lipat-element-clip-20-inch-451-22-inch-10-speed-chromoly
Sepeda Lipat 16 & 20 Inch PACIFIC SPLENDID 500 Alloy 9 Speed Hidrolik,3120000,3120000,0,5,4,Kab. Tangerang,Banten,https://www.bukalapak.com/p/sepeda/fullbike/sepeda-lipat/4h4x8hj-jual-sepeda-lipat-16-20-inch-pacific-splendid-500-alloy-9-speed-hidrolik
Sepeda Lipat 20 Inch AVAND CHESTER VIII 8 Speed Alloy Rem Hidrolik,2500000,2250000,10,3,12,Kab. Tangerang,Banten,https://www.bukalapak.com/p/sepeda/fullbike/sepeda-lipat/4h4x394-jual-sepeda-lipat-20-inch-avand-chester-viii-8-speed-alloy-rem-hidrolik
Sepeda Lipat 20 inch United Nigma II Alloy 8 speed Dua 2,2650000,2650000,0,10,0,Tangerang,Banten,https://www.bukalapak.com/p/sepeda/fullbike/sepeda-lipat/4e3ve11-jual-sepeda-lipat-20-inch-united-nigma-ii-alloy-8-speed-dua-2
sepeda lipat 16 element Troy 10s frame cromoly,4050000,4050000,0,9,1,Jakarta Selatan,DKI Jakarta,https://www.bukalapak.com/p/sepeda/fullbike/sepeda-lipat/4gkqklm-jual-sepeda-lipat-16-element-troy-10s-frame-cromoly
sepeda lipat 16 foldx xlite 9 speed discbrake - seli folding bike camp by element not camp ringan banget not fnhon dahon litepro hazy,7500000,7500000,0,2,0,Yogyakarta,Daerah Istimewa Yogyakarta,https://www.bukalapak.com/p/sepeda/fullbike/sepeda-lipat/4f06q4j-jual-sepeda-lipat-16-foldx-xlite-9-speed-discbrake-seli-folding-bike-camp-by-element-not-camp-ringan-banget-not-fnhon-dahon-litepro-hazy
Sepeda Lipat 20 Inch 451 UNITED NIGMA II Alloy 8 Speed,2650000,2650000,0,10,44,Kab. Tangerang,Banten,https://www.bukalapak.com/p/sepeda/fullbike/sepeda-lipat/4h4x9x1-jual-sepeda-lipat-20-inch-451-united-nigma-ii-alloy-8-speed
Sepeda Lipat DAHON K3 14 Inch 3 Speed Alloy,6400000,6400000,0,5,2,Kab. Bekasi,Jawa Barat,https://www.bukalapak.com/p/sepeda/fullbike/sepeda-lipat/3j077ay-jual-sepeda-lipat-dahon-k3-14-inch-3-speed-alloy
Sepeda Lipat Seli 20 Inter Bike Premium,1125000,1120000,1,100,1,Jember,Jawa Timur,https://www.bukalapak.com/p/sepeda/fullbike/sepeda-lipat/4fvidop-jual-sepeda-lipat-seli-20-inter-bike-premium
SEPEDA LIPAT ELEMENT NICKS 20 INCH 451,3950000,3950000,0,2,0,Karawang,Jawa Barat,https://www.bukalapak.com/p/sepeda/fullbike/sepeda-lipat/4h4j9xd-jual-sepeda-lipat-element-nicks-20-inch-451
Xiaomi QiCycle Sepeda Elektrik Lipat Smart Bicycle,9200000,9200000,0,5,80,Jakarta Barat,DKI Jakarta,https://www.bukalapak.com/p/sepeda/fullbike/sepeda-lipat/evoriu-jual-xiaomi-qicycle-sepeda-elektrik-lipat-smart-bicycle
SEPEDA LIPAT 16 GENIO F371 7 SPEED MECHANICAL DISC BRAKE,1600000,1600000,0,4,0,Denpasar,Bali,https://www.bukalapak.com/p/sepeda/fullbike/sepeda-lipat/4gyji1d-jual-sepeda-lipat-16-genio-f371-7-speed-mechanical-disc-brake
Sepeda Lipat 16 20 Odessy Phyton Disc Brake,1350000,1350000,0,5,0,Karawang,Jawa Barat,https://www.bukalapak.com/p/sepeda/fullbike/sepeda-lipat/4fp6xg4-jual-sepeda-lipat-16-20-odessy-phyton-disc-brake
Sepeda 20 Lipat Trex XT-7 V-Brake 7Speeds,1450000,1450000,0,10,1,Kab. Bogor,Jawa Barat,https://www.bukalapak.com/p/sepeda/fullbike/sepeda-lipat/439bftk-jual-sepeda-20-lipat-trex-xt-7-v-brake-7speeds
Avand Chester IX Sepeda Lipat 20 Inci,2999900,2999900,0,5,0,Bekasi,Jawa Barat,https://www.bukalapak.com/p/sepeda/fullbike/sepeda-lipat/4h7puwg-jual-avand-chester-ix-sepeda-lipat-20-inci
Sepeda Lipat 20 Inch Trex XT9 DB 7 Speed Cakram Mekanik,1500000,1500000,0,5,0,Kab. Bekasi,Jawa Barat,https://www.bukalapak.com/p/sepeda/fullbike/sepeda-lipat/4gxdskj-jual-sepeda-lipat-20-inch-trex-xt9-db-7-speed-cakram-mekanik
Splendid 200 Sepeda Lipat 20 Inch Pacific Bike BUKAN Noris 2.0 Seli Folding United Dahon Ecosmo Troy Foldx Element Exotic 100 AX DX FX Gojek Gosend,2700000,2300000,15,94,0,Jakarta Barat,DKI Jakarta,https://www.bukalapak.com/p/sepeda/fullbike/sepeda-lipat/4gym1z1-jual-splendid-200-sepeda-lipat-20-inch-pacific-bike-bukan-noris-2-0-seli-folding-united-dahon-ecosmo-troy-foldx-element-exotic-100-ax-dx-fx-gojek-gosend
QiCycle EF1 Sepeda Elektrik Lipat Smart Bicycle TDR01Z Hitam,9000000,9000000,0,4,0,Jakarta Barat,DKI Jakarta,https://www.bukalapak.com/p/sepeda/fullbike/sepeda-lipat/4271ubl-jual-qicycle-ef1-sepeda-elektrik-lipat-smart-bicycle-tdr01z-hitam
Sepeda Lipat 20 Inch Camp Snoke,5500000,5500000,0,10,0,Kab. Bogor,Jawa Barat,https://www.bukalapak.com/p/sepeda/fullbike/sepeda-lipat/4h61v5a-jual-sepeda-lipat-20-inch-camp-snoke
SEPEDA LIPAT 20 EVERBEST EB-901 SINGLE SPEED,1280000,1280000,0,30,0,Denpasar,Bali,https://www.bukalapak.com/p/sepeda/fullbike/sepeda-lipat/4gk4vim-jual-sepeda-lipat-20-everbest-eb-901-single-speed
Sepeda Lipat Melano 7 Speed 20 Inch Murah Berkwalitas - Not Seli Pacific Exotic United Genio Element Polygon 20 Inch,1350000,1350000,0,8,0,Magelang,Jawa Tengah,https://www.bukalapak.com/p/sepeda/fullbike/sepeda-lipat/4h3d62d-jual-sepeda-lipat-melano-7-speed-20-inch-murah-berkwalitas-not-seli-pacific-exotic-united-genio-element-polygon-20-inch
Sepeda Lipat Pacific 20 Inch Alloy Splendid AX 2x9 speed,2900000,2900000,0,10,0,Tangerang,Banten,https://www.bukalapak.com/p/sepeda/fullbike/sepeda-lipat/4g4mcmy-jual-sepeda-lipat-pacific-20-inch-alloy-splendid-ax-2x9-speed
Sepeda Lipat Foldx Xlite Damn I Love Indonesia Limited Edition,5500000,5500000,0,20,0,Jakarta Timur,DKI Jakarta,https://www.bukalapak.com/p/sepeda/fullbike/sepeda-lipat/3rfrm8j-jual-sepeda-lipat-foldx-xlite-damn-i-love-indonesia-limited-edition
Lankeleisi Sepeda Elektrik Lipat Elite Version 48V 10.4AH - XT750,10095000,10095000,0,1,0,Kab. Tangerang,Banten,https://www.bukalapak.com/p/sepeda/fullbike/sepeda-lipat/42cmqhs-jual-lankeleisi-sepeda-elektrik-lipat-elite-version-48v-10-4ah-xt750
SEPEDA LIPAT 20 POLICE TEXAS BIKE TO WORK ELEMENT BTW FOLDING BIKE SELI,2999000,2994000,1,10,3,Rembang,Jawa Tengah,https://www.bukalapak.com/p/sepeda/fullbike/sepeda-lipat/3aj98l7-jual-sepeda-lipat-20-police-texas-bike-to-work-element-btw-folding-bike-seli
SEPEDA 16 LIPAT UNITED STYLO SPORTY TERBARU,2250000,2250000,0,10,0,Kab. Bogor,Jawa Barat,https://www.bukalapak.com/p/sepeda/fullbike/sepeda-lipat/4gu2p1a-jual-sepeda-16-lipat-united-stylo-sporty-terbaru
SEPEDA LIPAT 20 UNITED STYLO DB SPORT Disc Brake,2250000,2250000,0,10,0,Rembang,Jawa Tengah,https://www.bukalapak.com/p/sepeda/fullbike/sepeda-lipat/4givvp7-jual-sepeda-lipat-20-united-stylo-db-sport-disc-brake
Sepeda Lipat 16 & 20 Inch EVERBEST EB 902 Boncengan 7 Speed Rem Cakram,1400000,1400000,0,5,3,Kab. Tangerang,Banten,https://www.bukalapak.com/p/sepeda/fullbike/sepeda-lipat/4h4wudd-jual-sepeda-lipat-16-20-inch-everbest-eb-902-boncengan-7-speed-rem-cakram
sepeda element lipat e cosmo z10,9700000,9700000,0,4,1,Kab. Probolinggo,Jawa Timur,https://www.bukalapak.com/p/sepeda/fullbike/sepeda-lipat/3qjhvht-jual-sepeda-element-lipat-e-cosmo-z10
Sepeda Lipat 20 FoldingBike Pacific Splendid FX Alloy Hidrolik 9Speeds New,3150000,3145000,1,9,1,Kab. Bogor,Jawa Barat,https://www.bukalapak.com/p/sepeda/fullbike/sepeda-lipat/4gu53kd-jual-sepeda-lipat-20-foldingbike-pacific-splendid-fx-alloy-hidrolik-9speeds-new
Sepeda Lipat 20 Inch Interbike,1250000,1250000,0,5,0,Jombang,Jawa Timur,https://www.bukalapak.com/p/sepeda/fullbike/sepeda-lipat/4gz6b9v-jual-sepeda-lipat-20-inch-interbike
SEPEDA LIPAT 16 CAMP HAZY KW RR ROY RICARDO 9 SPEED,3925000,3925000,0,2,0,Denpasar,Bali,https://www.bukalapak.com/p/sepeda/fullbike/sepeda-lipat/40ga6rq-jual-sepeda-lipat-16-camp-hazy-kw-rr-roy-ricardo-9-speed
SEPEDA LIPAT ELEMENT POLICE MILAND 20 INCH 8 SPEED,2050000,2050000,0,2,1,Jakarta Barat,DKI Jakarta,https://www.bukalapak.com/p/sepeda/fullbike/sepeda-lipat/3vr2zj4-jual-sepeda-lipat-element-police-miland-20-inch-8-speed
Sepeda Lipat EVERBEST EB 902 20 Inch Boncengan 7 Speed BANYAK BONUS,1430000,1430000,0,8,4,Kab. Tangerang,Banten,https://www.bukalapak.com/p/sepeda/fullbike/sepeda-lipat/4h4xanv-jual-sepeda-lipat-everbest-eb-902-20-inch-boncengan-7-speed-banyak-bonus
Sepeda Lipat Polygon 20 inchi Tern Verge D9,11480000,11480000,0,2,0,Mojokerto,Jawa Timur,https://www.bukalapak.com/p/sepeda/fullbike/sepeda-lipat/4abm92d-jual-sepeda-lipat-polygon-20-inchi-tern-verge-d9
Sepeda Lipat 3 Sixty M3,8050000,8050000,0,5,8,Jakarta Barat,DKI Jakarta,https://www.bukalapak.com/p/sepeda/fullbike/sepeda-lipat/3r7h5gv-jual-sepeda-lipat-3-sixty-m3
Folding bike Sepeda lipat seli Pacific Kodiak L 16 inch 9 speed mirip fnhon gust element troy,2900000,2700000,7,29,1,Jambi,Jambi,https://www.bukalapak.com/p/sepeda/fullbike/sepeda-lipat/42p1yh3-jual-folding-bike-sepeda-lipat-seli-pacific-kodiak-l-16-inch-9-speed-mirip-fnhon-gust-element-troy
Sepeda Lipat 16 20 inch Everbest EB 903 Boncengan Spakbor 7 speed Rem cakram DB Disc Brake by Pacific folding bike,1470000,1470000,0,20,0,Jambi,Jambi,https://www.bukalapak.com/p/sepeda/fullbike/sepeda-lipat/4h2zeag-jual-sepeda-lipat-16-20-inch-everbest-eb-903-boncengan-spakbor-7-speed-rem-cakram-db-disc-brake-by-pacific-folding-bike
SEPEDA LIPAT EVERGREEN 16 MAXIMUS 9 SPEED - BUKAN - ELEMENT TROY - ELEMENT TROY 2020 - ELEMENT TROY BIKE TO WORK,3575000,3575000,0,3,14,Jakarta Barat,DKI Jakarta,https://www.bukalapak.com/p/sepeda/fullbike/sepeda-lipat/3i47ywn-jual-sepeda-lipat-evergreen-16-maximus-9-speed-bukan-element-troy-element-troy-2020-element-troy-bike-to-work
sepeda lipat 20 stylo united 5 speed,2250000,2250000,0,4,7,Jakarta Barat,DKI Jakarta,https://www.bukalapak.com/p/sepeda/fullbike/sepeda-lipat/1agtlo5-jual-sepeda-lipat-20-stylo-united-5-speed
Sepeda lipat Seli 16 Hazy Camp 9 speed,3825000,3820000,1,9,1,Jember,Jawa Timur,https://www.bukalapak.com/p/sepeda/fullbike/sepeda-lipat/4h9qi9m-jual-sepeda-lipat-seli-16-hazy-camp-9-speed
Sepeda Lipat FASTRON F 2303 Boncengan Ukuran 20 Inch Rem Cakram BONUS,1700000,1700000,0,10,2,Kab. Tangerang,Banten,https://www.bukalapak.com/p/sepeda/fullbike/sepeda-lipat/4h4xams-jual-sepeda-lipat-fastron-f-2303-boncengan-ukuran-20-inch-rem-cakram-bonus
Sepeda Lipat 3Sixty Mystic Chameleon Seli Folding Bike 16 ich Bicycle Empire,8700000,8295000,5,10,1,Tasikmalaya,Jawa Barat,https://www.bukalapak.com/p/sepeda/fullbike/sepeda-lipat/3t2t1f2-jual-sepeda-lipat-3sixty-mystic-chameleon-seli-folding-bike-16-ich-bicycle-empire
Sepeda Lipat 16 Inch Pacific Splendid AX VT,2650000,2650000,0,12,33,Jambi,Jambi,https://www.bukalapak.com/p/sepeda/fullbike/sepeda-lipat/4fuin4a-jual-sepeda-lipat-16-inch-pacific-splendid-ax-vt
Sepeda Lipat Element Troy X 9,3935000,3935000,0,4,11,Jakarta Barat,DKI Jakarta,https://www.bukalapak.com/p/sepeda/fullbike/sepeda-lipat/3vi14hr-jual-sepeda-lipat-element-troy-x-9
LIMITED sepeda lipat 20 dahon ion madison 7 speed ringan eksklusif murah not ecosmo tern,4185000,4185000,0,3,0,Yogyakarta,Daerah Istimewa Yogyakarta,https://www.bukalapak.com/p/sepeda/fullbike/sepeda-lipat/39kafpx-jual-limited-sepeda-lipat-20-dahon-ion-madison-7-speed-ringan-eksklusif-murah-not-ecosmo-tern
Sepeda Lipat 16 Inch Murah VIVA CYCLE TWIST MISTY 7 Speed Mirip Fnhon,1625000,1625000,0,4,22,Kab. Tangerang,Banten,https://www.bukalapak.com/p/sepeda/fullbike/sepeda-lipat/4h4x96v-jual-sepeda-lipat-16-inch-murah-viva-cycle-twist-misty-7-speed-mirip-fnhon
sepeda lipat 20 inch family maximo ambrosio tx 7 1.0,1550000,1550000,0,10,0,Depok,Jawa Barat,https://www.bukalapak.com/p/sepeda/fullbike/sepeda-lipat/4gon5gv-jual-sepeda-lipat-20-inch-family-maximo-ambrosio-tx-7-1-0
Sepeda Lipat 16 inch EVERBEST EB 903 Boncengan Rem Cakram DB Disc Brake 7 speed,1425000,1425000,0,10,0,Jambi,Jambi,https://www.bukalapak.com/p/sepeda/fullbike/sepeda-lipat/4h2zc9a-jual-sepeda-lipat-16-inch-everbest-eb-903-boncengan-rem-cakram-db-disc-brake-7-speed
Sepeda Lipat 16 Genio F371 7Speeds Cakram New 2022,1500000,1500000,0,10,0,Kab. Bogor,Jawa Barat,https://www.bukalapak.com/p/sepeda/fullbike/sepeda-lipat/4h8n4zm-jual-sepeda-lipat-16-genio-f371-7speeds-cakram-new-2022
Sepeda Lipat 20 Inch BNB TORY 9.1 NEW 2020,2500000,2500000,0,4,16,Kab. Tangerang,Banten,https://www.bukalapak.com/p/sepeda/fullbike/sepeda-lipat/4h4x8ja-jual-sepeda-lipat-20-inch-bnb-tory-9-1-new-2020
sepeda lipat 20 inch trex avalanche,1800000,1800000,0,9,1,Depok,Jawa Barat,https://www.bukalapak.com/p/sepeda/fullbike/sepeda-lipat/4gdr3im-jual-sepeda-lipat-20-inch-trex-avalanche
Sepeda Lipat Dahon Yuki 16 inch orange,4500000,4500000,0,3,0,Jakarta Utara,DKI Jakarta,https://www.bukalapak.com/p/sepeda/fullbike/sepeda-lipat/3mrfz97-jual-sepeda-lipat-dahon-yuki-16-inch-orange
Sepeda Lipat Dahon ion chicago 16 inch 7 speed,3264000,3264000,0,5,0,Kab. Bekasi,Jawa Barat,https://www.bukalapak.com/p/sepeda/fullbike/sepeda-lipat/4gukgu4-jual-sepeda-lipat-dahon-ion-chicago-16-inch-7-speed
SEPEDA LIPAT 20 PACIFIC NORIS 2.2 SR SELI FOLDING BIKE 2,3259000,3259000,0,10,0,Rembang,Jawa Tengah,https://www.bukalapak.com/p/sepeda/fullbike/sepeda-lipat/4gwpkga-jual-sepeda-lipat-20-pacific-noris-2-2-sr-seli-folding-bike-2
Sepeda Lipat 20 United Phantom 3.0 Hidraulic,5200000,5200000,0,2,0,Jember,Jawa Timur,https://www.bukalapak.com/p/sepeda/fullbike/sepeda-lipat/4gbbhqy-jual-sepeda-lipat-20-united-phantom-3-0-hidraulic
SEPEDA LIPAT UNITED STYLO BEAT 20 inc - FOLDING UNITED NEW STYLO BEAT 20,2550000,2550000,0,5,0,Bekasi,Jawa Barat,https://www.bukalapak.com/p/sepeda/fullbike/sepeda-lipat/47lrff7-jual-sepeda-lipat-united-stylo-beat-20-inc-folding-united-new-stylo-beat-20
Harga Normal Sepeda Lipat 16 Inch Pacific Flux 3.0 Mirip Element Troy,2450000,2450000,0,2,105,Kab. Tangerang,Banten,https://www.bukalapak.com/p/sepeda/fullbike/sepeda-lipat/4h4wqx1-jual-harga-normal-sepeda-lipat-16-inch-pacific-flux-3-0-mirip-element-troy
sepeda lipat 20 inch united nigma V,3600000,3600000,0,9,1,Depok,Jawa Barat,https://www.bukalapak.com/p/sepeda/fullbike/sepeda-lipat/4gdge8j-jual-sepeda-lipat-20-inch-united-nigma-v
Sepeda Folding Lipat 20 Police Milan terbaru,1868000,1868000,0,2,9,Kab. Bekasi,Jawa Barat,https://www.bukalapak.com/p/sepeda/fullbike/sepeda-lipat/3v6yyzx-jual-sepeda-folding-lipat-20-police-milan-terbaru
Sepeda Lipat Anak Kouan Dolphin 16 Inch Yang Efisien dan Praktis Berstandar SNI,940000,940000,0,8,2,Kab. Bekasi,Jawa Barat,https://www.bukalapak.com/p/sepeda/fullbike/sepeda-lipat/4ggupxv-jual-sepeda-lipat-anak-kouan-dolphin-16-inch-yang-efisien-dan-praktis-berstandar-sni
SEPEDA LIPAT 16 EXOTIC EXPLORE 300 SELI FOLDING BIKE,2799000,2799000,0,8,0,Rembang,Jawa Tengah,https://www.bukalapak.com/p/sepeda/fullbike/sepeda-lipat/3o6fwsu-jual-sepeda-lipat-16-exotic-explore-300-seli-folding-bike
Sepeda Lipat Pro Action Ibis roda 20 inch Murah,1850000,1850000,0,47,2,Tangerang Selatan,Banten,https://www.bukalapak.com/p/sepeda/fullbike/sepeda-lipat/40teuvj-jual-sepeda-lipat-pro-action-ibis-roda-20-inch-murah
Sepeda Lipat DAHON ION MADISON 20 Inch Alloy Shimano 7 Speed,5115000,2929500,43,5,0,Kab. Tangerang,Banten,https://www.bukalapak.com/p/sepeda/fullbike/sepeda-lipat/4h4xahj-jual-sepeda-lipat-dahon-ion-madison-20-inch-alloy-shimano-7-speed
Lankeleisi G650 Deluxe Version - Sepeda Elektrik Lipat Smart Moped 48V 10.4Ah,8950000,8950000,0,2,4,Jakarta Barat,DKI Jakarta,https://www.bukalapak.com/p/sepeda/fullbike/sepeda-lipat/2ufu93z-jual-lankeleisi-g650-deluxe-version-sepeda-elektrik-lipat-smart-moped-48v-10-4ah
Sepeda Lipat 20 Inch BNB Nich Pro 9.2 2 x 9 Speed Alloy Hidrolik,3030000,3030000,0,5,24,Kab. Tangerang,Banten,https://www.bukalapak.com/p/sepeda/fullbike/sepeda-lipat/4h4x9yp-jual-sepeda-lipat-20-inch-bnb-nich-pro-9-2-2-x-9-speed-alloy-hidrolik
Sepeda Lipat 20 Inch UNITED NIGMA III NEW 2021 Alloy 9 Speed Disc,3050000,3050000,0,6,57,Kab. Tangerang,Banten,https://www.bukalapak.com/p/sepeda/fullbike/sepeda-lipat/4h4x8lv-jual-sepeda-lipat-20-inch-united-nigma-iii-new-2021-alloy-9-speed-disc
SEPEDA LIPAT 16 EXOTIC 2026 RX DISC BRAKE 7 SPEED,1900000,1900000,0,8,0,Denpasar,Bali,https://www.bukalapak.com/p/sepeda/fullbike/sepeda-lipat/4fv9eo4-jual-sepeda-lipat-16-exotic-2026-rx-disc-brake-7-speed
Sepeda Lipat Smith Slk 1 x 10 Speed Fullbike Seli 16 Plus 349 Parts Litepro . Fnhon gust element troy pacific analog mxl jazz gold,5050000,5045000,1,10,0,Semarang,Jawa Tengah,https://www.bukalapak.com/p/sepeda/fullbike/sepeda-lipat/4h6evla-jual-sepeda-lipat-smith-slk-1-x-10-speed-fullbike-seli-16-plus-349-parts-litepro-fnhon-gust-element-troy-pacific-analog-mxl-jazz-gold
Xiaomi QiCycle EF1 Sepeda Elektrik Lipat Smart Bicycle EU Version,8999000,8999000,0,5,21,Jakarta Timur,DKI Jakarta,https://www.bukalapak.com/p/sepeda/fullbike/sepeda-lipat/4go2ies-jual-xiaomi-qicycle-ef1-sepeda-elektrik-lipat-smart-bicycle-eu-version
Sepeda Lipat 20 Inch ELEMENT ECOSMO 8 BOSQUE Baim Paula GRATIS HELM,3150000,3150000,0,4,7,Kab. Tangerang,Banten,https://www.bukalapak.com/p/sepeda/fullbike/sepeda-lipat/4h4x9ms-jual-sepeda-lipat-20-inch-element-ecosmo-8-bosque-baim-paula-gratis-helm
sepeda lipat 20 element ecosmo bike for ibadah 10sp - cosmo bikeforibadah 10 speed - sepeda lipat element 406 seli alloy murah ringan not fnhon,5000000,5000000,0,5,0,Yogyakarta,Daerah Istimewa Yogyakarta,https://www.bukalapak.com/p/sepeda/fullbike/sepeda-lipat/47c8tug-jual-sepeda-lipat-20-element-ecosmo-bike-for-ibadah-10sp-cosmo-bikeforibadah-10-speed-sepeda-lipat-element-406-seli-alloy-murah-ringan-not-fnhon
Sepeda Lipat Seli 20 Exotic Explore 100 include Rak botol,1850000,1850000,0,1000,1,Jember,Jawa Timur,https://www.bukalapak.com/p/sepeda/fullbike/sepeda-lipat/4gifg3a-jual-sepeda-lipat-seli-20-exotic-explore-100-include-rak-botol
sepeda lipat 16 inci merk everybest seri EB 902 speed 7 frame besi,1500000,1500000,0,10,0,Jakarta Selatan,DKI Jakarta,https://www.bukalapak.com/p/sepeda/fullbike/sepeda-lipat/4gjz3kg-jual-sepeda-lipat-16-inci-merk-everybest-seri-eb-902-speed-7-frame-besi
Sepeda Lipat United 16 inch Roar 2.0,3900000,3900000,0,10,1,Tangerang,Banten,https://www.bukalapak.com/p/sepeda/fullbike/sepeda-lipat/4gpdm8d-jual-sepeda-lipat-united-16-inch-roar-2-0
Sepeda Lipat Folding Bike 16 349 Pacific Pithon Classic Series,5500000,5500000,0,3,0,Kab. Bekasi,Jawa Barat,https://www.bukalapak.com/p/sepeda/fullbike/sepeda-lipat/42ofs2g-jual-sepeda-lipat-folding-bike-16-349-pacific-pithon-classic-series
SEPEDA LIPAT 22 451 ELEMENT NICKS 2 x 10 SPEED,4725000,4725000,0,3,0,Denpasar,Bali,https://www.bukalapak.com/p/sepeda/fullbike/sepeda-lipat/4gc7wmj-jual-sepeda-lipat-22-451-element-nicks-2-x-10-speed
SEPEDA LIPAT 20 EXOTIC EXPLORE 10.0 2 x 10 SPEED HYDRAULIC DISC BRAKE,5400000,5400000,0,20,0,Denpasar,Bali,https://www.bukalapak.com/p/sepeda/fullbike/sepeda-lipat/3li200n-jual-sepeda-lipat-20-exotic-explore-10-0-2-x-10-speed-hydraulic-disc-brake
SEPEDA LIPAT FOLDING BIKE POLICE TEXAS 8 NEW 2021 WARNA SILVER BLACK,2450000,2450000,0,2,0,Semarang,Jawa Tengah,https://www.bukalapak.com/p/sepeda/fullbike/sepeda-lipat/42ueb32-jual-sepeda-lipat-folding-bike-police-texas-8-new-2021-warna-silver-black
READY STOCK FNHON GUST RED MAROON 16 INCH SEPEDA LIPAT FOLDING BIKE,11900000,7880000,34,2,5,Jakarta Utara,DKI Jakarta,https://www.bukalapak.com/p/sepeda/fullbike/sepeda-lipat/413war5-jual-ready-stock-fnhon-gust-red-maroon-16-inch-sepeda-lipat-folding-bike
Sepeda Lipat Pacific Noris 2.0 8 speed,3100000,2850000,8,30,3,Jambi,Jambi,https://www.bukalapak.com/p/sepeda/fullbike/sepeda-lipat/2jr1u0b-jual-sepeda-lipat-pacific-noris-2-0-8-speed
sepeda lipat element ecosmo Z10 black coral,9500000,9500000,0,2,0,Jakarta Barat,DKI Jakarta,https://www.bukalapak.com/p/sepeda/fullbike/sepeda-lipat/3prmvm3-jual-sepeda-lipat-element-ecosmo-z10-black-coral
Sepeda Lipat 20 Inch Pacific Noris Indonesia Special Edition,2750000,2750000,0,4,10,Kab. Tangerang,Banten,https://www.bukalapak.com/p/sepeda/fullbike/sepeda-lipat/4h4xa71-jual-sepeda-lipat-20-inch-pacific-noris-indonesia-special-edition
[Gojek/Grab] Sepeda Lipat 16 United Roar,3930000,3930000,0,2,0,Jakarta Timur,DKI Jakarta,https://www.bukalapak.com/p/sepeda/fullbike/sepeda-lipat/4h8lhpy-jual-gojek-grab-sepeda-lipat-16-united-roar
Eurobeat Folding Bike 20 inch White 6-speed Sepeda Lipat Euro Fold Bicycle,1900000,1900000,0,50,0,Jakarta Pusat,DKI Jakarta,https://www.bukalapak.com/p/sepeda/fullbike/sepeda-lipat/3w6w7jh-jual-eurobeat-folding-bike-20-inch-white-6-speed-sepeda-lipat-euro-fold-bicycle
sepeda lipat 3sixty bukan brompton fnhon gust dahon tern,9000000,9000000,0,2,27,Jakarta Barat,DKI Jakarta,https://www.bukalapak.com/p/sepeda/fullbike/sepeda-lipat/2bxyauf-jual-sepeda-lipat-3sixty-bukan-brompton-fnhon-gust-dahon-tern
Sepeda Lipat 16 Inch PACIFIC LUXOR Alloy Shimano Sora 9 Speed Hidrolik,3710000,3710000,0,2,10,Kab. Tangerang,Banten,https://www.bukalapak.com/p/sepeda/fullbike/sepeda-lipat/4h4x8q4-jual-sepeda-lipat-16-inch-pacific-luxor-alloy-shimano-sora-9-speed-hidrolik
Sepeda Lipat - Polygon Urbano 5,5500000,5500000,0,6,42,Bekasi,Jawa Barat,https://www.bukalapak.com/p/sepeda/fullbike/sepeda-lipat/4c2341d-jual-sepeda-lipat-polygon-urbano-5
Pacific Luxor 20 inch Terbaru 2022 Sepeda Lipat Premium Alloy Shimano Alumunium Allumunium Rem Hidrolik Hidraulik Hidraulic Bukan Noris 16 Dart,3900000,3795000,3,900,0,Jakarta Barat,DKI Jakarta,https://www.bukalapak.com/p/sepeda/fullbike/sepeda-lipat/4fvt0qa-jual-pacific-luxor-20-inch-terbaru-2022-sepeda-lipat-premium-alloy-shimano-alumunium-allumunium-rem-hidrolik-hidraulik-hidraulic-bukan-noris-16-dart
SEPEDA LIPAT 16 inch ELEMENT TROY X10 BLACK CHROME,4350000,4350000,0,3,0,Karawang,Jawa Barat,https://www.bukalapak.com/p/sepeda/fullbike/sepeda-lipat/4h3hm3s-jual-sepeda-lipat-16-inch-element-troy-x10-black-chrome
SEPEDA LIPAT TREX XT 7 DB 16 dan 20 SHIMANO 7 SPEED FOLDING BIKE,1450000,1450000,0,10,0,Kab. Bekasi,Jawa Barat,https://www.bukalapak.com/p/sepeda/fullbike/sepeda-lipat/4gkw1da-jual-sepeda-lipat-trex-xt-7-db-16-dan-20-shimano-7-speed-folding-bike
Sepeda lipat 20 exotic explore 10 10.0 rem hidrolik 10 speed,2500000,2390000,4,49,2,Jambi,Jambi,https://www.bukalapak.com/p/sepeda/fullbike/sepeda-lipat/3f18jle-jual-sepeda-lipat-20-exotic-explore-10-10-0-rem-hidrolik-10-speed
Sepeda Lipat 20 inch GENIO LUNOX 1.0,1800000,1800000,0,9,7,Tangerang,Banten,https://www.bukalapak.com/p/sepeda/fullbike/sepeda-lipat/4b2qlna-jual-sepeda-lipat-20-inch-genio-lunox-1-0
Sepeda Lipat 20 Element Foldx 8,2250000,2250000,0,10,0,Kab. Bogor,Jawa Barat,https://www.bukalapak.com/p/sepeda/fullbike/sepeda-lipat/4h61vss-jual-sepeda-lipat-20-element-foldx-8
Sepeda Lipat Pacific Exotic Explore 10.0 20 Speed Hydraulic Disk Brake - Explore 2 X 10 Speed Not Polygon Urbano Element Fold X United Nigma,4000000,4000000,0,2,0,Magelang,Jawa Tengah,https://www.bukalapak.com/p/sepeda/fullbike/sepeda-lipat/3lol0g3-jual-sepeda-lipat-pacific-exotic-explore-10-0-20-speed-hydraulic-disk-brake-explore-2-x-10-speed-not-polygon-urbano-element-fold-x-united-nigma
Sepeda Lipat 20 Inch UNITED MIRONE PRO,5725000,5725000,0,3,5,Kab. Tangerang,Banten,https://www.bukalapak.com/p/sepeda/fullbike/sepeda-lipat/4h4x8jd-jual-sepeda-lipat-20-inch-united-mirone-pro
Sepeda Lipat Seli 20 Dahon Ion Chicago 8 speed,3750000,3750000,0,10,0,Jember,Jawa Timur,https://www.bukalapak.com/p/sepeda/fullbike/sepeda-lipat/4gx8tma-jual-sepeda-lipat-seli-20-dahon-ion-chicago-8-speed
Sepeda Lipat Uk 16 inch Murah VIVA CYCLE TWIST MISTY 7 Speed,1600000,1600000,0,10,0,Tangerang,Banten,https://www.bukalapak.com/p/sepeda/fullbike/sepeda-lipat/4gpdm37-jual-sepeda-lipat-uk-16-inch-murah-viva-cycle-twist-misty-7-speed
SEPEDA LIPAT PACIFIC NORIS 1.0 16 INCHI - PACIFIC FOLDING BIKE - NORIS 1.0 16 INCHI,2640000,2640000,0,10,13,Jakarta Barat,DKI Jakarta,https://www.bukalapak.com/p/sepeda/fullbike/sepeda-lipat/3cfrdf0-jual-sepeda-lipat-pacific-noris-1-0-16-inchi-pacific-folding-bike-noris-1-0-16-inchi
sepeda lipat trifold 7 united,8500000,8500000,0,3,9,Jakarta Barat,DKI Jakarta,https://www.bukalapak.com/p/sepeda/fullbike/sepeda-lipat/sk420c-jual-sepeda-lipat-trifold-7-united
READY STOCK FNHON GUST 16 INCH POSTAL GREEN SEPEDA LIPAT FOLDING,11900000,7900000,34,3,1,Jakarta Utara,DKI Jakarta,https://www.bukalapak.com/p/sepeda/fullbike/sepeda-lipat/413wdat-jual-ready-stock-fnhon-gust-16-inch-postal-green-sepeda-lipat-folding
Sepeda Lipat Polygon URBANO 5 Folding bike 20 inch Seli Polygon URBANO 5 - NEW POLYGON URBANO 5 2022 URBANO 5 NEW,5500000,5500000,0,8,1,Kab. Magelang,Jawa Tengah,https://www.bukalapak.com/p/sepeda/fullbike/sepeda-lipat/4f78qcv-jual-sepeda-lipat-polygon-urbano-5-folding-bike-20-inch-seli-polygon-urbano-5-new-polygon-urbano-5-2022-urbano-5-new
Pacific Noris 2.1 Sepeda Lipat Folding Bike 16 inch Velg Veleg Tinggi 8 Speed Alloy,2900000,2590000,11,20,0,Jambi,Jambi,https://www.bukalapak.com/p/sepeda/fullbike/sepeda-lipat/3pvxc4a-jual-pacific-noris-2-1-sepeda-lipat-folding-bike-16-inch-velg-veleg-tinggi-8-speed-alloy
Sepeda Lipat ELEMENT ECOSMO Z8 Ban 451 20 22 Inch Garansi Resmi,3750000,3750000,0,7,0,Kab. Tangerang,Banten,https://www.bukalapak.com/p/sepeda/fullbike/sepeda-lipat/4h4xaij-jual-sepeda-lipat-element-ecosmo-z8-ban-451-20-22-inch-garansi-resmi
